	Domain	Phylum	Class	Order	Family	Genus	Species	
Zotu1	Bacteria	Actinobacteria	Actinobacteria	Actinomycetales	Micrococcaceae	Kocuria	Kocuria_halotolerans	
Zotu10	Bacteria	Proteobacteria	Gammaproteobacteria	Enterobacteriales	Enterobacteriaceae	Escherichia/Shigella	Shigella_sonnei	
Zotu100	Bacteria	Proteobacteria	Deltaproteobacteria	Desulfovibrionales	Desulfovibrionaceae	Desulfovibrio	Desulfovibrio_legallii	
Zotu101	Bacteria	Proteobacteria	Gammaproteobacteria	Enterobacteriales	Enterobacteriaceae	Xenorhabdus	Xenorhabdus_magdalenensis	
Zotu102	Bacteria	Aquificae	Aquificae	Aquificales	Aquificaceae	Thermocrinis	Thermocrinis_ruber	
Zotu103	Bacteria	Bacteroidetes	Bacteroidia	Bacteroidales	Porphyromonadaceae	Dysgonomonas	Dysgonomonas_gadei	
Zotu107	Bacteria	Planctomycetes	Planctomycetia	Planctomycetales	Planctomycetaceae	Gimesia	Gimesia_maris	
Zotu108	Bacteria	Bacteroidetes	Bacteroidia	Bacteroidales	Prevotellaceae	Prevotella	Prevotella_multiformis	
Zotu11	Bacteria	Proteobacteria	Gammaproteobacteria	Enterobacteriales	Enterobacteriaceae	Leminorella	Leminorella_grimontii	
Zotu110	Bacteria	Proteobacteria	Alphaproteobacteria	Rhodospirillales		Elioraea	Elioraea_tepidiphila	
Zotu111	Bacteria	Firmicutes	Clostridia	Clostridiales	Clostridiaceae_1	Clostridium_sensu_stricto	Clostridium_quinii	
Zotu113	Bacteria	Actinobacteria	Actinobacteria	Coriobacteriales	Coriobacteriaceae	Slackia	Slackia_piriformis	
Zotu117	Bacteria	Planctomycetes	Planctomycetia	Planctomycetales	Planctomycetaceae	Schlesneria	Schlesneria_paludicola	
Zotu119	Bacteria	Firmicutes	Bacilli	Lactobacillales	Leuconostocaceae	Oenococcus	Oenococcus_alcoholitolerans	
Zotu122	Bacteria	Actinobacteria	Actinobacteria	Actinomycetales	Corynebacteriaceae	Corynebacterium	Corynebacterium_spheniscorum	
Zotu123	Bacteria	Actinobacteria	Actinobacteria	Coriobacteriales	Coriobacteriaceae	Slackia	Slackia_equolifaciens	
Zotu125	Archaea	Crenarchaeota	Thermoprotei	Thermoproteales	Thermofilaceae	Thermofilum	Thermofilum_pendens	
Zotu127	Bacteria	Bacteroidetes	Flavobacteriia	Flavobacteriales	Flavobacteriaceae	Gramella	Gramella_marina	
Zotu128	Archaea	Euryarchaeota	Methanomicrobia	Methanomicrobiales	Methanomicrobiaceae	Methanofollis	Methanofollis_formosanus	
Zotu13	Bacteria	Proteobacteria	Gammaproteobacteria	Enterobacteriales	Enterobacteriaceae	Kosakonia	Kosakonia_sacchari	
Zotu133	Bacteria	Proteobacteria	Gammaproteobacteria	Pseudomonadales	Moraxellaceae	Moraxella	Moraxella_lacunata	
Zotu134	Bacteria	Bacteroidetes	Bacteroidia	Bacteroidales	Prevotellaceae	Prevotella	Prevotella_albensis	
Zotu135	Archaea	Crenarchaeota	Thermoprotei	Desulfurococcales	Desulfurococcaceae	Ignicoccus	Ignicoccus_pacificus	
Zotu136	Bacteria	Bacteroidetes	Sphingobacteriia	Sphingobacteriales	Sphingobacteriaceae	Pedobacter	Pedobacter_ginsenosidimutans	
Zotu137	Bacteria	Tenericutes	Mollicutes	Mycoplasmatales	Mycoplasmataceae	Mycoplasma	Mycoplasma_mycoides_subsp._mycoides	
Zotu14	Bacteria	Actinobacteria	Actinobacteria	Actinomycetales	Nocardiopsaceae	Nocardiopsis	Nocardiopsis_kunsanensis	
Zotu143	Bacteria	Tenericutes	Mollicutes	Mycoplasmatales	Mycoplasmataceae	Mycoplasma	Mycoplasma_agassizii	
Zotu144	Bacteria	Bacteroidetes	Bacteroidia	Bacteroidales	Prevotellaceae	Paraprevotella	Paraprevotella_clara	
Zotu145	Bacteria	Proteobacteria	Gammaproteobacteria	Enterobacteriales	Enterobacteriaceae	Pantoea	Pantoea agglomerans 	
Zotu147	Archaea	Euryarchaeota	Methanomicrobia	Methanomicrobiales	Methanospirillaceae	Methanospirillum	Methanospirillum_psychrodurum	
Zotu152	Bacteria	Proteobacteria	Betaproteobacteria	Burkholderiales	Burkholderiaceae	Burkholderia	Burkholderia_graminis	
Zotu153	Bacteria	Bacteroidetes	Bacteroidia	Bacteroidales	Prevotellaceae	Prevotella	Prevotella_dentasini	
Zotu156	Bacteria	Deinococcus-Thermus	Deinococci	Deinococcales	Deinococcaceae	Deinococcus	Deinococcus_alpinitundrae	
Zotu158	Bacteria	Proteobacteria	Deltaproteobacteria	Desulfurellales	Desulfurellaceae	Desulfurella	Desulfurella_multipotens	
Zotu16	Bacteria	Firmicutes	Erysipelotrichia	Erysipelotrichales	Erysipelotrichaceae	Clostridium_XVIII	Clostridium_cocleatum	
Zotu161	Bacteria	Actinobacteria	Actinobacteria	Bifidobacteriales	Bifidobacteriaceae	Bifidobacterium	Bifidobacterium_thermacidophilum_subsp._thermacidophilum	
Zotu162	Bacteria	Bacteroidetes	Sphingobacteriia	Sphingobacteriales	Sphingobacteriaceae	Sphingobacterium	Sphingobacterium_paludis	
Zotu165	Bacteria	Proteobacteria	Gammaproteobacteria	Salinisphaerales	Salinisphaeraceae	Salinisphaera	Salinisphaera_shabanensis	
Zotu166	Archaea	Euryarchaeota	Archaeoglobi	Archaeoglobales	Archaeoglobaceae	Archaeoglobus	Archaeoglobus_profundus	
Zotu167	Bacteria	Deinococcus-Thermus	Deinococci	Deinococcales	Deinococcaceae	Deinococcus	Deinococcus_indicus	
Zotu168	Bacteria	Proteobacteria	Deltaproteobacteria	Desulfobacterales	Desulfobulbaceae	Desulfobulbus	Desulfobulbus_elongatus	
Zotu169	Bacteria	Verrucomicrobia	Opitutae	Puniceicoccales	Puniceicoccaceae	Coraliomargarita	Coraliomargarita_akajimensis	
Zotu172	Bacteria	Firmicutes	Bacilli	Lactobacillales	Carnobacteriaceae	Granulicatella	Granulicatella_balaenopterae	
Zotu173	Bacteria	Firmicutes	Clostridia	Halanaerobiales	Halanaerobiaceae	Halanaerobium	Halanaerobium_fermentans	
Zotu174	Archaea	Euryarchaeota	Halobacteria	Haloferacales	Haloferacaceae	Halolamina	Halolamina_rubra	
Zotu175	Bacteria	Bacteroidetes	Bacteroidia	Bacteroidales	Porphyromonadaceae	Porphyromonas	Porphyromonas_bennonis	
Zotu176	Bacteria	Proteobacteria	Gammaproteobacteria	Enterobacteriales	Enterobacteriaceae	Pluralibacter	Pluralibacter_pyrinus	
Zotu177	Bacteria	Firmicutes	Clostridia	Clostridiales	Lachnospiraceae	Blautia	Blautia_glucerasea	
Zotu178	Bacteria	Firmicutes	Erysipelotrichia	Erysipelotrichales	Erysipelotrichaceae	Catenibacterium	Catenibacterium_mitsuokai	
Zotu179	Bacteria	Proteobacteria	Deltaproteobacteria	Desulfovibrionales	Desulfohalobiaceae	Desulfonatronospira	Desulfonatronospira_delicata	
Zotu181	Bacteria	Firmicutes	Clostridia	Clostridiales	Ruminococcaceae	Clostridium_IV	Clostridium_leptum	
Zotu185	Bacteria	Tenericutes	Mollicutes	Mycoplasmatales	Mycoplasmataceae	Mycoplasma	Mycoplasma_hyorhinis	
Zotu188	Bacteria	Thermotogae	Thermotogae	Thermotogales	Thermotogaceae	Thermotoga	Thermotoga_hypogea	
Zotu189	Bacteria	Cyanobacteria/Chloroplast	Cyanobacteria		Family_I	GpI		
Zotu199	Bacteria	Planctomycetes	Planctomycetia	Planctomycetales	Planctomycetaceae	Planctopirus	Planctopirus_limnophila	
Zotu200	Bacteria	Proteobacteria	Gammaproteobacteria	Pseudomonadales	Moraxellaceae	Psychrobacter	Psychrobacter_immobilis	
Zotu201	Bacteria	Bacteroidetes	Flavobacteriia	Flavobacteriales	Flavobacteriaceae	Chryseobacterium	Chryseobacterium_frigidisoli	
Zotu204	Bacteria	Proteobacteria	Gammaproteobacteria	Oceanospirillales	Halomonadaceae	Halomonas	Halomonas_vilamensis	
Zotu205	Bacteria	Firmicutes	Clostridia	Clostridiales	Syntrophomonadaceae	Syntrophomonas	Syntrophomonas_wolfei_subsp._saponavida	
Zotu206	Archaea	Euryarchaeota	Methanopyri	Methanopyrales	Methanopyraceae	Methanopyrus	Methanopyrus_kandleri	
Zotu207	Bacteria	Proteobacteria	Gammaproteobacteria	Oceanospirillales	Oleiphilaceae	Oleiphilus	Oleiphilus_messinensis	
Zotu209	Bacteria	Firmicutes	Erysipelotrichia	Erysipelotrichales	Erysipelotrichaceae	Holdemania	Holdemania_filiformis	
Zotu21	Bacteria	Proteobacteria	Alphaproteobacteria	Rhizobiales	Rhizobiaceae	Kaistia	Kaistia_granuli	
Zotu211	Archaea	Euryarchaeota	Archaeoglobi	Archaeoglobales	Archaeoglobaceae	Ferroglobus	Ferroglobus_placidus	
Zotu214	Bacteria	Actinobacteria	Actinobacteria	Actinomycetales	Demequinaceae	Lysinimicrobium	Lysinimicrobium_mangrovi	
Zotu215	Bacteria	Aquificae	Aquificae	Desulfurobacteriales	Desulfurobacteriaceae	Thermovibrio	Thermovibrio_guaymasensis	
Zotu216	Bacteria	Firmicutes	Clostridia	Clostridiales	Clostridiales_Incertae_Sedis_III	Thermovenabulum	Thermovenabulum_ferriorganovorum	
Zotu218	Archaea	Euryarchaeota	Methanomicrobia	Methanomicrobiales	Methanoregulaceae	Methanoregula	Methanoregula_boonei	
Zotu22	Bacteria	Proteobacteria	Alphaproteobacteria	Rhodospirillales	Rhodospirillaceae	Azospirillum	Azospirillum_zeae	
Zotu223	Bacteria	Nitrospirae	Nitrospira	Nitrospirales	Nitrospiraceae	Leptospirillum	Leptospirillum_ferrooxidans	
Zotu224	Bacteria	Bacteroidetes	Flavobacteriia	Flavobacteriales	Flavobacteriaceae	Gillisia	Gillisia_hiemivivida	
Zotu225	Bacteria	Proteobacteria	Deltaproteobacteria	Desulfovibrionales	Desulfovibrionaceae	Desulfovibrio	Desulfovibrio_burkinensis	
Zotu226	Bacteria	Firmicutes	Clostridia	Clostridiales	Lachnospiraceae	Anaerostipes	Anaerostipes_caccae	
Zotu227	Archaea	Crenarchaeota	Thermoprotei	Desulfurococcales	Desulfurococcaceae	Staphylothermus	Staphylothermus_marinus	
Zotu228	Bacteria	Proteobacteria	Gammaproteobacteria	Enterobacteriales	Enterobacteriaceae	Trabulsiella	Trabulsiella_guamensis	
Zotu23	Bacteria	Tenericutes	Mollicutes	Acholeplasmatales	Acholeplasmataceae	Acholeplasma	Acholeplasma_cavigenitalium	
Zotu230	Bacteria	Actinobacteria	Actinobacteria	Actinomycetales	Actinopolysporaceae	Halopolyspora	Halopolyspora_alba	
Zotu232	Bacteria	Firmicutes	Clostridia	Clostridiales	Clostridiaceae	Proteiniclasticum	Proteiniclasticum_ruminis	
Zotu234	Bacteria	Bacteroidetes	Bacteroidia	Bacteroidales	Porphyromonadaceae	Barnesiella	Barnesiella_intestinihominis	
Zotu239	Bacteria	Tenericutes	Mollicutes	Entomoplasmatales	Spiroplasmataceae	Spiroplasma	Spiroplasma_leptinotarsae	
Zotu24	Bacteria	Thermotogae	Thermotogae	Kosmotogales	Kosmotogaceae	Kosmotoga	Kosmotoga_arenicorallina	
Zotu240	Bacteria	Proteobacteria	Gammaproteobacteria	Enterobacteriales	Enterobacteriaceae	Dickeya	Dickeya_chrysanthemi	
Zotu245	Bacteria	Proteobacteria	Gammaproteobacteria	Enterobacteriales	Enterobacteriaceae	Erwinia	Erwinia_oleae	
Zotu246	Bacteria	Thermotogae	Thermotogae	Thermotogales	Thermotogaceae	Pseudothermotoga	Pseudothermotoga_thermarum	
Zotu25	Bacteria	Bacteroidetes	Bacteroidia	Bacteroidales	Prolixibacteraceae	Draconibacterium	Draconibacterium_orientale	
Zotu250	Bacteria	Thermotogae	Thermotogae	Thermotogales	Fervidobacteriaceae	Thermosipho	Thermosipho_affectus	
Zotu251	Bacteria	Firmicutes	Bacilli	Lactobacillales	Lactobacillaceae	Lactobacillus	Lactobacillus_acetotolerans	
Zotu252	Bacteria	Firmicutes	Negativicutes	Selenomonadales	Veillonellaceae	Dialister	Dialister_invisus	
Zotu254	Archaea	Euryarchaeota	Methanobacteria	Methanobacteriales	Methanobacteriaceae	Methanobrevibacter	Methanobrevibacter_woesei	
Zotu255	Bacteria	Proteobacteria	Betaproteobacteria	Burkholderiales	Comamonadaceae	Curvibacter	Curvibacter_fontanus	
Zotu257	Bacteria	Proteobacteria	Deltaproteobacteria	Desulfovibrionales	Desulfovibrionaceae	Desulfovibrio	Desulfovibrio_vulgaris	
Zotu258	Bacteria	Proteobacteria	Gammaproteobacteria	Enterobacteriales	Enterobacteriaceae	Trabulsiella	Trabulsiella_odontotermitis	
Zotu26	Archaea	Euryarchaeota	Halobacteria	Haloferacales	Haloferacaceae	Halolamina	Halolamina_salifodinae	
Zotu261	Bacteria	Planctomycetes	Phycisphaerae	Tepidisphaerales	Tepidisphaeraceae	Tepidisphaera	Tepidisphaera_mucosa	
Zotu262	Bacteria	Firmicutes	Clostridia	Clostridiales	Lachnospiraceae	Clostridium_XlVb	Clostridium_colinum	
Zotu263	Archaea	Crenarchaeota	Thermoprotei	Desulfurococcales	Desulfurococcaceae	Desulfurococcus	Desulfurococcus_mucosus	
Zotu267	Bacteria	Proteobacteria	Gammaproteobacteria	Gammaproteobacteria_incertae_sedis		Thiolapillus	Thiolapillus_brandeum	
Zotu269	Bacteria	Proteobacteria	Deltaproteobacteria	Syntrophobacterales	Syntrophaceae	Desulfomonile	Desulfomonile_limimaris	
Zotu272	Bacteria	Bacteroidetes	Flavobacteriia	Flavobacteriales	Flavobacteriaceae	Gillisia	Gillisia_myxillae	
Zotu273	Bacteria	Proteobacteria	Deltaproteobacteria	Desulfobacterales	Desulfobacteraceae	Desulfatibacillum	Desulfatibacillum_alkenivorans	
Zotu276	Archaea	Crenarchaeota	Thermoprotei	Sulfolobales	Sulfolobaceae	Metallosphaera	Metallosphaera_cuprina	
Zotu28	Bacteria	Chloroflexi	Caldilineae	Caldilineales	Caldilineaceae	Litorilinea	Litorilinea_aerophila	
Zotu280	Bacteria	Proteobacteria	Alphaproteobacteria	Caulobacterales	Caulobacteraceae	Phenylobacterium	Phenylobacterium_haematophilum	
Zotu281	Bacteria	Acidobacteria	Acidobacteria_Gp3			Candidatus_Solibacter		
Zotu282	Bacteria	Proteobacteria	Betaproteobacteria	Burkholderiales	Alcaligenaceae	Basilea	Basilea_psittacipulmonis	
Zotu285	Archaea	Euryarchaeota	Methanomicrobia	Methanocellales	Methanocellaceae	Methanocella	Methanocella_arvoryzae	
Zotu286	Bacteria	Proteobacteria	Gammaproteobacteria	Enterobacteriales	Enterobacteriaceae	Mangrovibacter	Mangrovibacter_plantisponsor	
Zotu292	Bacteria	Proteobacteria	Gammaproteobacteria	Enterobacteriales	Enterobacteriaceae	Pantoea	Pantoea_stewartii_subsp._stewartii	
Zotu293	Bacteria	Bacteroidetes	Sphingobacteriia	Sphingobacteriales	Rhodothermaceae	Rubrivirga	Rubrivirga_marina	
Zotu294	Bacteria	Actinobacteria	Actinobacteria	Actinomycetales	Actinospicaceae	Actinospica	Actinospica_robiniae	
Zotu295	Bacteria	Firmicutes	Clostridia	Clostridiales	Clostridiaceae_2	Natronincola	Natronincola_peptidivorans	
Zotu297	Archaea	Crenarchaeota	Thermoprotei	Thermoproteales	Thermoproteaceae	Pyrobaculum	Pyrobaculum_ferrireducens	
Zotu298	Bacteria	Synergistetes	Synergistia	Synergistales	Synergistaceae	Thermanaerovibrio	Thermanaerovibrio_velox	
Zotu30	Bacteria	Bacteroidetes	Flavobacteriia	Flavobacteriales	Flavobacteriaceae	Fulvibacter	Fulvibacter_tottoriensis	
Zotu300	Archaea	Euryarchaeota	Methanococci	Methanococcales	Methanocaldococcaceae	Methanocaldococcus	Methanocaldococcus_infernus	
Zotu302	Bacteria	Proteobacteria	Gammaproteobacteria	Vibrionales	Vibrionaceae	Vibrio	Vibrio_celticus	
Zotu303	Archaea	Crenarchaeota	Thermoprotei	Thermoproteales	Thermoproteaceae	Caldivirga	Caldivirga_maquilingensis	
Zotu306	Bacteria	Tenericutes	Mollicutes	Mycoplasmatales	Mycoplasmataceae	Mycoplasma	Mycoplasma_gypis	
Zotu307	Bacteria	Actinobacteria	Actinobacteria	Coriobacteriales	Coriobacteriaceae	Collinsella	Collinsella_intestinalis	
Zotu308	Archaea	Crenarchaeota	Thermoprotei	Thermoproteales	Thermoproteaceae	Thermocladium	Thermocladium_modestius	
Zotu31	Bacteria	Fibrobacteres	Fibrobacteria	Fibrobacterales	Fibrobacteraceae	Fibrobacter	Fibrobacter_intestinalis	
Zotu310	Bacteria	Proteobacteria	Alphaproteobacteria	Rhizobiales	Rhizobiaceae	Ensifer	Ensifer_numidicus	
Zotu314	Bacteria	Bacteroidetes	Cytophagia	Cytophagales	Cytophagaceae	Dyadobacter	Dyadobacter_soli	
Zotu315	Archaea	Crenarchaeota	Thermoprotei	Thermoproteales	Thermoproteaceae	Pyrobaculum	Pyrobaculum_oguniense	
Zotu317	Archaea	Euryarchaeota	Methanobacteria	Methanobacteriales	Methanobacteriaceae	Methanobacterium	Methanobacterium_beijingense	
Zotu32	Bacteria	Proteobacteria	Alphaproteobacteria	Rhizobiales	Bradyrhizobiaceae	Salinarimonas	Salinarimonas_ramus	
Zotu320	Bacteria	Deinococcus-Thermus	Deinococci	Deinococcales	Deinococcaceae	Deinococcus	Deinococcus_papagonensis	
Zotu324	Bacteria	Firmicutes	Bacilli	Lactobacillales	Lactobacillaceae	Lactobacillus	Lactobacillus_iners	
Zotu325	Bacteria	Bacteroidetes	Bacteroidia	Bacteroidales	Bacteroidaceae	Bacteroides	Bacteroides_plebeius	
Zotu327	Bacteria	Bacteroidetes	Bacteroidia	Bacteroidales	Marinilabiliaceae	Carboxylicivirga	Carboxylicivirga_mesophila	
Zotu329	Bacteria	Tenericutes	Mollicutes	Mycoplasmatales	Mycoplasmataceae	Mycoplasma	Mycoplasma_lipofaciens	
Zotu33	Bacteria	Proteobacteria	Gammaproteobacteria	Enterobacteriales	Enterobacteriaceae	Escherichia/Shigella	Escherichia_albertii	
Zotu330	Bacteria	Proteobacteria	Gammaproteobacteria	Thiotrichales	Piscirickettsiaceae	Thioalkalimicrobium	Thioalkalimicrobium_microaerophilum	
Zotu332	Bacteria	Bacteroidetes	Sphingobacteriia	Sphingobacteriales	Sphingobacteriaceae	Parapedobacter	Parapedobacter_koreensis	
Zotu333	Bacteria	Proteobacteria	Gammaproteobacteria	Enterobacteriales	Enterobacteriaceae	Escherichia/Shigella	Escherichia_fergusonii	
Zotu335	Bacteria	Fusobacteria	Fusobacteriia	Fusobacteriales	Leptotrichiaceae	Leptotrichia	Leptotrichia_hongkongensis	
Zotu336	Bacteria	Proteobacteria	Gammaproteobacteria	Alteromonadales	Shewanellaceae	Shewanella	Shewanella_pneumatophori	
Zotu338	Bacteria	Proteobacteria	Alphaproteobacteria	Rhodobacterales	Rhodobacteraceae	Paracoccus	Paracoccus_communis	
Zotu34	Bacteria	Proteobacteria	Epsilonproteobacteria	Campylobacterales	Campylobacteraceae	Arcobacter	Arcobacter_bivalviorum	
Zotu340	Bacteria	Proteobacteria	Alphaproteobacteria	Rhodospirillales	Rhodospirillaceae	Caenispirillum	Caenispirillum_salinarum	
Zotu342	Bacteria	Proteobacteria	Gammaproteobacteria	Vibrionales	Vibrionaceae	Vibrio	Vibrio_navarrensis	
Zotu344	Bacteria	Proteobacteria	Gammaproteobacteria	Enterobacteriales	Enterobacteriaceae	Citrobacter	Citrobacter_koseri	
Zotu345	Bacteria	Proteobacteria	Deltaproteobacteria	Desulfovibrionales	Desulfohalobiaceae	Desulfonatronovibrio	Desulfonatronovibrio_hydrogenovorans	
Zotu346	Bacteria	Firmicutes	Clostridia	Thermoanaerobacterales	Thermodesulfobiaceae	Coprothermobacter	Coprothermobacter_proteolyticus	
Zotu349	Bacteria	Actinobacteria	Actinobacteria	Coriobacteriales	Coriobacteriaceae	Slackia	Slackia_exigua	
Zotu35	Archaea	Euryarchaeota	Halobacteria	Halobacteriales	Halobacteriaceae	Halosimplex	Halosimplex_carlsbadense	
Zotu351	Bacteria	Proteobacteria	Gammaproteobacteria	Oceanospirillales	Halomonadaceae	Halomonas	Halomonas_subglaciescola	
Zotu352	Bacteria	Firmicutes	Clostridia	Clostridiales	Lachnospiraceae	Clostridium_XlVb	Clostridium_lactatifermentans	
Zotu353	Bacteria	Firmicutes	Bacilli	Lactobacillales	Lactobacillaceae	Lactobacillus	Lactobacillus_fornicalis	
Zotu354	Bacteria	Bacteroidetes	Flavobacteriia	Flavobacteriales	Flavobacteriaceae	Winogradskyella	Winogradskyella_exilis	
Zotu355	Bacteria	Bacteroidetes	Bacteroidia	Bacteroidales	Bacteroidaceae	Bacteroides	Bacteroides_stercorirosoris	
Zotu356	Bacteria	Actinobacteria	Actinobacteria	Actinomycetales	Thermomonosporaceae	Spirillospora	Spirillospora_albida	
Zotu357	Bacteria	Firmicutes	Bacilli	Lactobacillales	Lactobacillaceae	Lactobacillus	Lactobacillus_hominis	
Zotu358	Bacteria	Proteobacteria	Deltaproteobacteria	Desulfurellales	Desulfurellaceae	Hippea	Hippea_jasoniae	
Zotu359	Bacteria	Proteobacteria	Deltaproteobacteria	Myxococcales	Vulgatibacteraceae	Vulgatibacter	Vulgatibacter_incomptus	
Zotu36	Bacteria	Bacteroidetes	Flavobacteriia	Flavobacteriales	Flavobacteriaceae	Capnocytophaga	Capnocytophaga_haemolytica	
Zotu360	Archaea	Crenarchaeota	Thermoprotei	Sulfolobales	Sulfolobaceae	Metallosphaera	Metallosphaera_tengchongensis	
Zotu363	Bacteria	Firmicutes	Bacilli	Bacillales	Paenibacillaceae	Paenibacillus	Paenibacillus_shenyangensis	
Zotu364	Archaea	Crenarchaeota	Thermoprotei	Sulfolobales	Sulfolobaceae	Acidianus	Acidianus_brierleyi	
Zotu365	Bacteria	Bacteroidetes	Cytophagia	Cytophagales	Cytophagaceae	Pontibacter	Pontibacter_soli	
Zotu369	Bacteria	Actinobacteria	Actinobacteria	Actinomycetales	Nocardiaceae	Nocardia	Nocardia_neocaledoniensis	
Zotu370	Bacteria	Firmicutes	Bacilli	Bacillales	Staphylococcaceae	Salinicoccus	Salinicoccus_luteus	
Zotu372	Bacteria	Thermotogae	Thermotogae	Petrotogales	Petrotogaceae	Defluviitoga	Defluviitoga_tunisiensis	
Zotu373	Archaea	Euryarchaeota	Halobacteria	Natrialbales	Natrialbaceae	Halopiger	Halopiger_salifodinae	
Zotu375	Bacteria	Firmicutes	Negativicutes	Selenomonadales	Veillonellaceae	Anaeroglobus	Anaeroglobus_geminatus	
Zotu377	Bacteria	Firmicutes	Bacilli	Bacillales	Bacillaceae_2	Lentibacillus	Lentibacillus_halodurans	
Zotu378	Bacteria	Proteobacteria	Deltaproteobacteria	Desulfobacterales	Desulfobacteraceae	Desulfocella	Desulfocella_halophila	
Zotu379	Bacteria	Proteobacteria	Gammaproteobacteria	Enterobacteriales	Enterobacteriaceae	Dickeya	Dickeya_zeae	
Zotu38	Bacteria	Proteobacteria	Alphaproteobacteria	Rhizobiales	Rhizobiaceae	Rhizobium	Rhizobium_rhizoryzae	
Zotu384	Bacteria	Aquificae	Aquificae	Aquificales	Hydrogenothermaceae	Venenivibrio	Venenivibrio_stagnispumantis	
Zotu392	Bacteria	Proteobacteria	Gammaproteobacteria	Methylococcales	Methylococcaceae	Methylomarinovum	Methylomarinovum_caldicuralii	
Zotu393	Bacteria	Tenericutes	Mollicutes	Mycoplasmatales	Mycoplasmataceae	Ureaplasma	Ureaplasma_urealyticum	
Zotu40	Bacteria	Proteobacteria	Gammaproteobacteria	Enterobacteriales	Enterobacteriaceae	Citrobacter	Citrobacter_amalonaticus	
Zotu402	Bacteria	Thermotogae	Thermotogae	Thermotogales	Fervidobacteriaceae	Thermosipho	Thermosipho_africanus	
Zotu405	Archaea	Euryarchaeota	Methanomicrobia	Methanosarcinales	Methanotrichaceae	Methanothrix	Methanothrix_harundinacea	
Zotu406	Archaea	Crenarchaeota	Thermoprotei	Desulfurococcales	Desulfurococcaceae	Sulfophobococcus	Sulfophobococcus_zilligii	
Zotu407	Bacteria	Bacteroidetes	Flavobacteriia	Flavobacteriales	Flavobacteriaceae	Tenacibaculum	Tenacibaculum_adriaticum	
Zotu409	Bacteria	Proteobacteria	Gammaproteobacteria	Pseudomonadales	Moraxellaceae	Acinetobacter	Acinetobacter_variabilis	
Zotu41	Archaea	Euryarchaeota	Methanomicrobia	Methanomicrobiales	Methanomicrobiales_incertae_sedis	Methanocalculus	Methanocalculus_natronophilus	
Zotu413	Bacteria	Fibrobacteres	Chitinivibrionia	Chitinivibrionales	Chitinivibrionaceae	Chitinivibrio	Chitinivibrio_alkaliphilus	
Zotu417	Bacteria	Firmicutes	Bacilli	Bacillales	Paenibacillaceae	Paenibacillus	Paenibacillus_quercus	
Zotu418	Bacteria	Firmicutes	Clostridia	Clostridiales	Syntrophomonadaceae	Syntrophomonas		
Zotu419	Bacteria	Actinobacteria	Actinobacteria	Actinomycetales	Micrococcaceae	Garicola	Garicola_koreensis	
Zotu420	Bacteria	Lentisphaerae	Lentisphaeria	Victivallales	Victivallaceae	Victivallis	Victivallis_vadensis	
Zotu424	Bacteria	Proteobacteria	Gammaproteobacteria	Pasteurellales	Pasteurellaceae	Gallibacterium	Gallibacterium_melopsittaci	
Zotu427	Bacteria	Firmicutes	Bacilli	Lactobacillales	Lactobacillaceae	Lactobacillus	Lactobacillus_johnsonii	
Zotu428	Bacteria	Spirochaetes	Spirochaetia	Spirochaetales	Spirochaetaceae	Sphaerochaeta	Sphaerochaeta_pleomorpha	
Zotu430	Bacteria	Proteobacteria	Gammaproteobacteria	Acidithiobacillales	Acidithiobacillaceae	Acidithiobacillus	Acidithiobacillus_ferrivorans	
Zotu431	Bacteria	Firmicutes	Bacilli	Lactobacillales	Lactobacillaceae	Lactobacillus	Lactobacillus_crispatus	
Zotu433	Bacteria	Proteobacteria	Gammaproteobacteria	Xanthomonadales	Xanthomonadaceae	Thermomonas	Thermomonas_haemolytica	
Zotu434	Archaea	Crenarchaeota	Thermoprotei	Thermoproteales	Thermoproteaceae	Thermoproteus	Thermoproteus_tenax	
Zotu435	Bacteria	Firmicutes	Bacilli	Bacillales	Alicyclobacillaceae	Alicyclobacillus	Alicyclobacillus_cellulosilyticus	
Zotu439	Bacteria	Actinobacteria	Actinobacteria	Actinomycetales	Beutenbergiaceae	Serinibacter	Serinibacter_tropicus	
Zotu440	Bacteria	Proteobacteria	Deltaproteobacteria	Desulfovibrionales	Desulfovibrionaceae	Desulfovibrio	Desulfovibrio_biadhensis	
Zotu441	Bacteria	Firmicutes	Clostridia	Clostridiales	Clostridiaceae_2	Tindallia	Tindallia_californiensis	
Zotu444	Bacteria	Bacteroidetes	Sphingobacteriia	Sphingobacteriales	Sphingobacteriaceae	Parapedobacter	Parapedobacter_luteus	
Zotu451	Bacteria	Bacteroidetes	Flavobacteriia	Flavobacteriales	Flavobacteriaceae	Galbibacter	Galbibacter_mesophilus	
Zotu453	Bacteria	Spirochaetes	Spirochaetia	Spirochaetales	Spirochaetaceae	Sphaerochaeta	Sphaerochaeta_coccoides	
Zotu455	Bacteria	Proteobacteria	Alphaproteobacteria	Rhodobacterales	Rhodobacteraceae	Amaricoccus	Amaricoccus_tamworthensis	
Zotu459	Bacteria	Tenericutes	Mollicutes	Mycoplasmatales	Mycoplasmataceae	Mycoplasma	Mycoplasma_spermatophilum	
Zotu460	Archaea	Crenarchaeota	Thermoprotei	Thermoproteales	Thermoproteaceae	Pyrobaculum	Pyrobaculum_arsenaticum	
Zotu464	Archaea	Euryarchaeota	Halobacteria	Haloferacales	Haloferacaceae	Halorubrum	Halorubrum_sodomense	
Zotu466	Bacteria	Proteobacteria	Gammaproteobacteria	Alteromonadales	Alteromonadaceae	Microbulbifer	Microbulbifer_gwangyangensis	
Zotu469	Bacteria	Acidobacteria	Acidobacteria_Gp5			Gp5		
Zotu47	Bacteria	Firmicutes	Clostridia	Thermoanaerobacterales	Thermoanaerobacteraceae	Thermoanaerobacter	Thermoanaerobacter_sulfurigignens	
Zotu470	Archaea	Euryarchaeota	Thermococci	Thermococcales	Thermococcaceae	Thermococcus	Thermococcus_barophilus	
Zotu471	Bacteria	Bacteroidetes	Cytophagia	Cytophagales	Flammeovirgaceae	Marinoscillum	Marinoscillum_luteum	
Zotu473	Bacteria	Firmicutes	Bacilli	Lactobacillales	Lactobacillaceae	Lactobacillus	Lactobacillus_secaliphilus	
Zotu480	Bacteria	Firmicutes	Clostridia	Clostridiales	Peptococcaceae_2	Cryptanaerobacter	Cryptanaerobacter_phenolicus	
Zotu481	Archaea	Crenarchaeota	Thermoprotei	Thermoproteales	Thermoproteaceae	Vulcanisaeta	Vulcanisaeta_thermophila	
Zotu485	Bacteria	Actinobacteria	Actinobacteria	Actinomycetales	Actinomycetaceae	Actinomyces	Actinomyces_dentalis	
Zotu486	Archaea	Euryarchaeota	Methanococci	Methanococcales	Methanococcaceae	Methanococcus	Methanococcus_vannielii	
Zotu488	Bacteria	Firmicutes	Clostridia	Clostridiales	Lachnospiraceae	Acetatifactor	Acetatifactor_muris	
Zotu490	Bacteria	Aquificae	Aquificae	Aquificales	Aquificaceae	Hydrogenivirga	Hydrogenivirga_okinawensis	
Zotu493	Bacteria	Bacteroidetes	Flavobacteriia	Flavobacteriales	Flavobacteriaceae	Polaribacter	Polaribacter_gangjinensis	
Zotu495	Bacteria	Firmicutes	Bacilli	Bacillales	Bacillaceae_1	Bacillus	Bacillus_thermotolerans	
Zotu5	Bacteria	Proteobacteria	Gammaproteobacteria	Aeromonadales	Aeromonadaceae	Oceanimonas	Oceanimonas_doudoroffii	
Zotu503	Bacteria	Proteobacteria	Alphaproteobacteria	Caulobacterales	Caulobacteraceae	Phenylobacterium	Phenylobacterium_falsum	
Zotu505	Bacteria	Bacteroidetes	Cytophagia	Cytophagales	Cytophagaceae	Hymenobacter	Hymenobacter_gelipurpurascens	
Zotu506	Bacteria	Firmicutes	Clostridia	Clostridiales	Peptoniphilaceae	Peptoniphilus	Peptoniphilus_lacrimalis	
Zotu507	Bacteria	Proteobacteria	Epsilonproteobacteria	Nautiliales	Nautiliaceae	Cetia	Cetia_pacifica	
Zotu51	Bacteria	Proteobacteria	Gammaproteobacteria	Enterobacteriales	Enterobacteriaceae	Pseudocitrobacter	Pseudocitrobacter_anthropi	
Zotu511	Bacteria	Bacteroidetes	Flavobacteriia	Flavobacteriales	Flavobacteriaceae	Muricauda	Muricauda_lutaonensis	
Zotu512	Bacteria	Tenericutes	Mollicutes	Mycoplasmatales	Mycoplasmataceae	Ureaplasma	Ureaplasma_parvum	
Zotu514	Bacteria	Bacteroidetes	Bacteroidia	Bacteroidales	Prevotellaceae	Prevotella	Prevotella_oulorum	
Zotu515	Bacteria	Bacteroidetes	Bacteroidia	Bacteroidales	Porphyromonadaceae	Porphyromonas	Porphyromonas_endodontalis	
Zotu518	Bacteria	Firmicutes	Clostridia	Clostridiales	Clostridiales_Incertae_Sedis_XVII	Sulfobacillus	Sulfobacillus_thermotolerans	
Zotu519	Bacteria	Actinobacteria	Actinobacteria	Actinomycetales	Nocardioidaceae	Nocardioides	Nocardioides_nanhaiensis	
Zotu521	Bacteria	Proteobacteria	Alphaproteobacteria	Rickettsiales	Rickettsiaceae	Rickettsia	Rickettsia_akari	
Zotu524	Archaea	Euryarchaeota	Methanomicrobia	Methanomicrobiales	Methanospirillaceae	Methanospirillum	Methanospirillum_hungatei	
Zotu525	Bacteria	Firmicutes	Clostridia	Clostridiales	Clostridiales_incertae_sedis	Proteiniborus	Proteiniborus_ethanoligenes	
Zotu527	Bacteria	Bacteroidetes	Cytophagia	Cytophagales	Cyclobacteriaceae	Algoriphagus	Algoriphagus_chordae	
Zotu529	Archaea	Euryarchaeota	Methanobacteria	Methanobacteriales	Methanobacteriaceae	Methanobacterium	Methanobacterium_petrolearium	
Zotu53	Bacteria	Deinococcus-Thermus	Deinococci	Deinococcales	Trueperaceae	Truepera	Truepera_radiovictrix	
Zotu530	Bacteria	Proteobacteria	Gammaproteobacteria	Legionellales	Legionellaceae	Legionella	Legionella_brunensis	
Zotu533	Bacteria	Proteobacteria	Deltaproteobacteria	Desulfobacterales	Desulfobulbaceae	Desulfobulbus	Desulfobulbus_alkaliphilus	
Zotu535	Bacteria	Firmicutes	Clostridia	Halanaerobiales	Halobacteroidaceae	Halobacteroides	Halobacteroides_elegans	
Zotu536	Bacteria	Firmicutes	Bacilli	Lactobacillales	Lactobacillaceae	Lactobacillus	Lactobacillus_rodentium	
Zotu539	Bacteria	Thermotogae	Thermotogae	Thermotogales	Thermotogaceae	Thermotoga	Thermotoga_hypogea	
Zotu54	Zotu54	Bacteria	Bacteroidetes	Bacteroidia	Bacteroidales	Prevotellaceae	Prevotella	Prevotella_oris
Zotu541	Zotu541	Bacteria	Proteobacteria	Deltaproteobacteria	Desulfovibrionales	Desulfovibrionaceae	Desulfovibrio	Desulfovibrio_paquesii
Zotu542	Zotu542	Bacteria	Firmicutes	Clostridia	Clostridiales	Clostridiaceae_2	Anoxynatronum	Anoxynatronum_sibiricum
Zotu546	Zotu546	Bacteria	Actinobacteria	Actinobacteria	Actinomycetales	Corynebacteriaceae	Corynebacterium	Corynebacterium_renale
Zotu547	Zotu547	Bacteria	Bacteroidetes	Flavobacteriia	Flavobacteriales	Flavobacteriaceae	Kordia	Kordia_antarctica
Zotu55	Zotu55	Bacteria	Actinobacteria	Actinobacteria	Actinomycetales	Propionibacteriaceae	Luteococcus	Luteococcus_japonicus
Zotu552	Zotu552	Bacteria	Bacteroidetes	Sphingobacteriia	Sphingobacteriales	Chitinophagaceae	Flavitalea	Flavitalea_populi
Zotu554	Zotu554	Bacteria	Proteobacteria	Gammaproteobacteria	Oceanospirillales	Alcanivoracaceae	Kangiella	Kangiella_japonica
Zotu556	Zotu556	Bacteria	Bacteroidetes	Flavobacteriia	Flavobacteriales	Flavobacteriaceae	Sabulilitoribacter	Sabulilitoribacter_multivorans
Zotu559	Zotu559	Bacteria	Bacteroidetes	Flavobacteriia	Flavobacteriales	Flavobacteriaceae	Chryseobacterium	Chryseobacterium_elymi
Zotu560	Zotu560	Bacteria	Proteobacteria	Deltaproteobacteria	Desulfovibrionales	Desulfovibrionaceae	Desulfovibrio	Desulfovibrio_indonesiensis
Zotu561	Zotu561	Bacteria	Thermotogae	Thermotogae	Thermotogales	Thermotogaceae	Mesoaciditoga	Mesoaciditoga_lauensis
Zotu563	Zotu563	Archaea	Euryarchaeota	Thermoplasmata	Thermoplasmatales	Picrophilaceae	Picrophilus	Picrophilus_oshimae
Zotu564	Zotu564	Bacteria	Actinobacteria	Actinobacteria	Coriobacteriales	Coriobacteriaceae	Gordonibacter	Gordonibacter_urolithinfaciens
Zotu565	Zotu565	Bacteria	Proteobacteria	Gammaproteobacteria	Oceanospirillales	Halomonadaceae	Chromohalobacter	Chromohalobacter_nigrandesensis
Zotu567	Zotu567	Archaea	Euryarchaeota	Archaeoglobi	Archaeoglobales	Archaeoglobaceae	Archaeoglobus	Archaeoglobus_sulfaticallidus
Zotu569	Zotu569	Bacteria	Actinobacteria	Actinobacteria	Coriobacteriales	Coriobacteriaceae	Olsenella	Olsenella_scatoligenes
Zotu57	Bacteria	Proteobacteria	Gammaproteobacteria	Enterobacteriales	Enterobacteriaceae	Escherichia/Shigella	Escherichia_coli	
Zotu570	Bacteria	Actinobacteria	Actinobacteria	Coriobacteriales	Coriobacteriaceae	Coriobacterium	Coriobacterium_glomerans	
Zotu572	Bacteria	Synergistetes	Synergistia	Synergistales	Synergistaceae	Thermovirga	Thermovirga_lienii	
Zotu573	Archaea	Euryarchaeota	Halobacteria	Halobacteriales	Halobacteriaceae	Natronoarchaeum	Natronoarchaeum_rubrum	
Zotu574	Bacteria	Firmicutes	Bacilli	Bacillales	Paenibacillaceae_1	Paenibacillus	Paenibacillus_cellulosilyticus	
Zotu577	Archaea	Crenarchaeota	Thermoprotei	Desulfurococcales	Desulfurococcaceae	Ignicoccus	Ignicoccus_hospitalis	
Zotu579	Archaea	Euryarchaeota	Thermococci	Thermococcales	Thermococcaceae	Thermococcus	Thermococcus_pacificus	
Zotu585	Bacteria	Proteobacteria	Gammaproteobacteria	Enterobacteriales	Enterobacteriaceae	Yersinia	Yersinia enterocolitica 	
Zotu588	Bacteria	Tenericutes	Mollicutes	Mycoplasmatales	Mycoplasmataceae	Mycoplasma	Mycoplasma_hyosynoviae	
Zotu589	Bacteria	Bacteroidetes	Cytophagia	Cytophagales	Cyclobacteriaceae	Algoriphagus	Algoriphagus_vanfongensis	
Zotu590	Bacteria	Actinobacteria	Actinobacteria	Actinomycetales	Streptomycetaceae	Streptomyces	Streptomyces_wedmorensis	
Zotu591	Bacteria	Proteobacteria	Alphaproteobacteria	Sphingomonadales	Sphingomonadaceae	Stakelama	Stakelama_sediminis	
Zotu594	Bacteria	Proteobacteria	Deltaproteobacteria	Desulfobacterales	Desulfobacteraceae	Desulfofaba	Desulfofaba_hansenii	
Zotu596	Bacteria	Proteobacteria	Epsilonproteobacteria	Campylobacterales	Helicobacteraceae	Sulfurimonas	Sulfurimonas_paralvinellae	
Zotu598	Bacteria	Actinobacteria	Actinobacteria	Actinomycetales	Streptomycetaceae	Streptomyces	Streptomyces_karpasiensis	
Zotu6	Bacteria	Bacteroidetes	Flavobacteriia	Flavobacteriales	Flavobacteriaceae	Flavobacterium	Flavobacterium_gillisiae	
Zotu60	Bacteria	Proteobacteria	Gammaproteobacteria	Xanthomonadales	Xanthomonadaceae	Stenotrophomonas	Stenotrophomonas_koreensis	
Zotu601	Bacteria	Actinobacteria	Actinobacteria	Actinomycetales	Rarobacteraceae	Rarobacter	Rarobacter_faecitabidus	
Zotu602	Archaea	Euryarchaeota	Methanobacteria	Methanobacteriales	Methanobacteriaceae	Methanobacterium	Methanobacterium_congolense	
Zotu603	Bacteria	Firmicutes	Bacilli	Lactobacillales	Lactobacillaceae	Lactobacillus	Lactobacillus_acidophilus	
Zotu605	Bacteria	Deinococcus-Thermus	Deinococci	Deinococcales	Deinococcaceae	Deinococcus	Deinococcus_xinjiangensis	
Zotu610	Bacteria	Firmicutes	Bacilli	Bacillales	Bacillaceae_1	Bacillus	Bacillus_aidingensis	
Zotu617	Bacteria	Aquificae	Aquificae	Aquificales	Aquificaceae	Hydrogenobacter	Hydrogenobacter_hydrogenophilus	
Zotu619	Bacteria	Firmicutes	Bacilli	Bacillales	Paenibacillaceae_1	Paenibacillus	Paenibacillus_anaericanus	
Zotu62	Bacteria	Firmicutes	Bacilli	Bacillales	Bacillaceae_1	Bacillus	Bacillus_niacini	
Zotu620	Bacteria	Thermotogae	Thermotogae	Thermotogales	Fervidobacteriaceae	Thermosipho	Thermosipho_globiformans	
Zotu621	Bacteria	Proteobacteria	Alphaproteobacteria	Rhodobacterales	Rhodobacteraceae	Roseobacter	Roseobacter_denitrificans	
Zotu622	Bacteria	Proteobacteria	Gammaproteobacteria	Enterobacteriales	Enterobacteriaceae	Pantoea	Pantoea_cypripedii	
Zotu625	Bacteria	Proteobacteria	Gammaproteobacteria	Enterobacteriales	Enterobacteriaceae	Edwardsiella	Edwardsiella_hoshinae	
Zotu627	Bacteria	Firmicutes	Clostridia	Clostridiales	Clostridiaceae_1	Clostridium_sensu_stricto	Clostridium_cadaveris	
Zotu629	Bacteria	Bacteroidetes	Cytophagia	Cytophagales	Cytophagaceae	Pontibacter	Pontibacter_akesuensis	
Zotu630	Archaea	Euryarchaeota	Methanomicrobia	Methanosarcinales	Methanotrichaceae	Methanothrix	Methanothrix_thermoacetophila	
Zotu631	Bacteria	Bacteroidetes	Sphingobacteriia	Sphingobacteriales	Sphingobacteriaceae	Olivibacter	Olivibacter_sitiensis	
Zotu632	Bacteria	Proteobacteria	Gammaproteobacteria	Pseudomonadales	Pseudomonadaceae	Pseudomonas	Pseudomonas_aestusnigri	
Zotu634	Bacteria	Proteobacteria	Epsilonproteobacteria	Campylobacterales	Helicobacteraceae	Helicobacter	Helicobacter_bizzozeronii	
Zotu637	Bacteria	Bacteroidetes	Cytophagia	Cytophagales	Flammeovirgaceae	Flexithrix	Flexithrix_dorotheae	
Zotu639	Bacteria	Deinococcus-Thermus	Deinococci	Thermales	Thermaceae	Thermus	Thermus_arciformis	
Zotu64	Bacteria	Armatimonadetes				Armatimonadetes_gp4		
Zotu643	Bacteria	Firmicutes	Clostridia	Clostridiales	Lachnospiraceae	Cellulosilyticum	Cellulosilyticum_lentocellum	
Zotu645	Archaea	Euryarchaeota	Methanomicrobia	Methanosarcinales	Methermicoccaceae	Methermicoccus	Methermicoccus_shengliensis	
Zotu646	Archaea	Euryarchaeota	Methanomicrobia	Methanomicrobiales	Methanomicrobiaceae	Methanoculleus	Methanoculleus_submarinus	
Zotu65	Bacteria	Firmicutes	Bacilli	Lactobacillales	Lactobacillaceae	Lactobacillus	Lactobacillus_paucivorans	
Zotu651	Bacteria	Deferribacteres	Deferribacteres	Deferribacterales	Deferribacteraceae	Flexistipes	Flexistipes_sinusarabici	
Zotu652	Bacteria	Firmicutes	Bacilli	Lactobacillales	Enterococcaceae	Enterococcus	Enterococcus_diestrammenae	
Zotu655	Bacteria	Verrucomicrobia	Verrucomicrobiae	Verrucomicrobiales	Verrucomicrobiaceae	Luteolibacter	Luteolibacter_pohnpeiensis	
Zotu656	Bacteria	Actinobacteria	Actinobacteria	Actinomycetales	Streptosporangiaceae	Thermocatellispora	Thermocatellispora_tengchongensis	
Zotu66	Bacteria	Proteobacteria	Gammaproteobacteria	Alteromonadales	Shewanellaceae	Shewanella	Shewanella_psychrophila	
Zotu661	Bacteria	Firmicutes	Bacilli	Bacillales	Bacillaceae_2	Geomicrobium	Geomicrobium_sediminis	
Zotu664	Bacteria	Aquificae	Aquificae	Aquificales	Aquificales_incertae_sedis	Thermosulfidibacter	Thermosulfidibacter_takaii	
Zotu666	Bacteria	Actinobacteria	Actinobacteria	Actinomycetales	Thermomonosporaceae	Actinomadura	Actinomadura_vinacea	
Zotu669	Bacteria	Actinobacteria	Actinobacteria	Actinomycetales	Actinopolysporaceae	Actinopolyspora	Actinopolyspora_xinjiangensis	
Zotu670	Bacteria	Firmicutes	Bacilli	Lactobacillales	Lactobacillaceae	Lactobacillus	Lactobacillus_amylolyticus	
Zotu672	Bacteria	Firmicutes	Bacilli	Lactobacillales	Lactobacillaceae	Lactobacillus	Lactobacillus_harbinensis	
Zotu675	Bacteria	Acidobacteria	Acidobacteria_Gp3			Paludibaculum	Paludibaculum_fermentans	
Zotu676	Bacteria	Bacteroidetes	Bacteroidia	Bacteroidales	Porphyromonadaceae	Odoribacter	Odoribacter_denticanis	
Zotu68	Archaea	Euryarchaeota	Methanomicrobia	Methanosarcinales	Methanosarcinaceae	Methanosarcina	Methanosarcina_spelaei	
Zotu681	Bacteria	Bacteroidetes	Flavobacteriia	Flavobacteriales	Flavobacteriaceae	Chryseobacterium	Chryseobacterium_hagamense	
Zotu682	Bacteria	Firmicutes	Bacilli	Bacillales	Planococcaceae	Chryseomicrobium	Chryseomicrobium_amylolyticum	
Zotu685	Bacteria	Firmicutes	Bacilli	Lactobacillales	Lactobacillaceae	Lactobacillus	Lactobacillus_diolivorans	
Zotu686	Bacteria	Proteobacteria	Epsilonproteobacteria	Nautiliales	Nautiliaceae	Lebetimonas	Lebetimonas_acidiphila	
Zotu690	Bacteria	Chloroflexi	Thermoflexia	Thermoflexales	Thermoflexaceae	Thermoflexus	Thermoflexus_hugenholtzii	
Zotu691	Bacteria	Actinobacteria	Actinobacteria	Actinomycetales	Mycobacteriaceae	Mycobacterium	Mycobacterium_shinjukuense	
Zotu692	Bacteria	Proteobacteria	Gammaproteobacteria	Legionellales	Coxiellaceae	Diplorickettsia	Diplorickettsia_massiliensis	
Zotu698	Bacteria	Chloroflexi	Anaerolineae	Anaerolineales	Anaerolineaceae	Anaerolinea	Anaerolinea_thermophila	
Zotu70	Bacteria	Bacteroidetes	Cytophagia	Cytophagales	Cytophagaceae	Persicitalea	Persicitalea_jodogahamensis	
Zotu704	Bacteria	Actinobacteria	Actinobacteria	Actinomycetales	Thermomonosporaceae	Actinomadura	Actinomadura_rudentiformis	
Zotu705	Bacteria	Actinobacteria	Actinobacteria	Actinomycetales	Streptosporangiaceae	Thermoactinospora	Thermoactinospora_rubra	
Zotu707	Bacteria	Bacteroidetes	Flavobacteriia	Flavobacteriales	Flavobacteriaceae	Gillisia	Gillisia_sandarakina	
Zotu708	Bacteria	Proteobacteria	Gammaproteobacteria	Alteromonadales	Alteromonadaceae	Microbulbifer	Microbulbifer_gwangyangensis	
Zotu709	Bacteria	Firmicutes	Bacilli	Lactobacillales	Lactobacillaceae	Lactobacillus	Lactobacillus_intestinalis	
Zotu71	Bacteria	Acidobacteria	Acidobacteria_Gp1			Terriglobus	Terriglobus_roseus	
Zotu710	Bacteria	Proteobacteria	Gammaproteobacteria	Alteromonadales	Alteromonadales_incertae_sedis	Neiella	Neiella_marina	
Zotu711	Bacteria	Proteobacteria	Gammaproteobacteria	Xanthomonadales	Sinobacteraceae	Alkanibacter	Alkanibacter_difficilis	
Zotu716	Bacteria	Bacteroidetes	Bacteroidia	Bacteroidales	Porphyromonadaceae	Porphyromonas	Porphyromonas_canoris	
Zotu717	Bacteria	Fusobacteria	Fusobacteriia	Fusobacteriales	Leptotrichiaceae	Leptotrichia	Leptotrichia_wadei	
Zotu718	Bacteria	Chloroflexi	Anaerolineae	Anaerolineales	Anaerolineaceae	Longilinea	Longilinea_arvoryzae	
Zotu719	Archaea	Euryarchaeota	Halobacteria	Natrialbales	Natrialbaceae	Natribaculum	Natribaculum_breve	
Zotu72	Bacteria	Actinobacteria	Actinobacteria	Actinomycetales	Micrococcaceae	Kocuria	Kocuria_indica	
Zotu720	Bacteria	Firmicutes	Clostridia	Clostridiales	Lachnospiraceae	Syntrophococcus	Syntrophococcus_sucromutans	
Zotu721	Bacteria	Proteobacteria	Alphaproteobacteria	Rhizobiales	Brucellaceae	Pseudochrobactrum	Pseudochrobactrum_asaccharolyticum	
Zotu724	Bacteria	Bacteroidetes	Flavobacteriia	Flavobacteriales	Flavobacteriaceae	Ulvibacter	Ulvibacter_antarcticus	
Zotu725	Bacteria	Bacteroidetes	Cytophagia	Cytophagales	Cyclobacteriaceae	Algoriphagus	Algoriphagus_yeomjeoni	
Zotu728	Archaea	Crenarchaeota	Thermoprotei	Thermoproteales	Thermoproteaceae	Vulcanisaeta	Vulcanisaeta_souniana	
Zotu731	Bacteria	Actinobacteria	Actinobacteria	Actinomycetales	Streptomycetaceae	Streptomyces	Streptomyces_scabrisporus	
Zotu736	Bacteria	Actinobacteria	Actinobacteria	Actinomycetales	Thermomonosporaceae	Actinomadura	Actinomadura_rugatobispora	
Zotu737	Archaea	Euryarchaeota	Thermoplasmata	Thermoplasmatales	Picrophilaceae	Picrophilus	Picrophilus_torridus	
Zotu738	Bacteria	Chloroflexi	Ktedonobacteria	Thermogemmatisporales	Thermogemmatisporaceae	Thermogemmatispora	Thermogemmatispora_onikobensis	
Zotu739	Bacteria	Proteobacteria	Deltaproteobacteria	Desulfuromonadales	Geobacteraceae	Geobacter	Geobacter_argillaceus	
Zotu74	Archaea	Euryarchaeota	Thermoplasmata	Methanomassiliicoccales	Methanomassiliicoccaceae	Methanomassiliicoccus	Methanomassiliicoccus_luminyensis	
Zotu740	Bacteria	Bacteroidetes	Sphingobacteriia	Sphingobacteriales	Chitinophagaceae	Terrimonas	Terrimonas_arctica	
Zotu741	Bacteria	Firmicutes	Bacilli	Bacillales	Paenibacillaceae_1	Paenibacillus	Paenibacillus_pini	
Zotu743	Bacteria	Proteobacteria	Alphaproteobacteria	Rhodospirillales	Acetobacteraceae	Acidisphaera	Acidisphaera_rubrifaciens	
Zotu75	Bacteria	Spirochaetes	Spirochaetia	Spirochaetales	Leptospiraceae	Leptonema	Leptonema_illini	
Zotu750	Bacteria	Actinobacteria	Actinobacteria	Bifidobacteriales	Bifidobacteriaceae	Bifidobacterium	Bifidobacterium_angulatum	
Zotu751	Archaea	Euryarchaeota	Methanomicrobia	Methanosarcinales	Methanosarcinaceae	Methanolobus	Methanolobus_chelungpuianus	
Zotu755	Bacteria	Firmicutes	Erysipelotrichia	Erysipelotrichales	Erysipelotrichaceae	Erysipelothrix	Erysipelothrix_tonsillarum	
Zotu760	Bacteria	Proteobacteria	Alphaproteobacteria	Rhodobacterales	Rhodobacteraceae	Vadicella	Vadicella_arenosi	
Zotu766	Bacteria	Firmicutes	Bacilli	Bacillales	Bacillaceae_2	Oceanobacillus	Oceanobacillus_luteolus	
Zotu77	Bacteria	Firmicutes	Negativicutes	Selenomonadales	Veillonellaceae	Megamonas	Megamonas_funiformis	
Zotu772	Bacteria	Nitrospirae	Nitrospira	Nitrospirales	Nitrospiraceae	Leptospirillum	Leptospirillum_ferrooxidans	
Zotu775	Bacteria	Firmicutes	Clostridia	Clostridiales	Clostridiales_Incertae_Sedis_XI	Tissierella	Tissierella_carlieri	
Zotu778	Bacteria	Proteobacteria	Deltaproteobacteria	Desulfovibrionales	Desulfovibrionaceae	Desulfovibrio	Desulfovibrio_marinus	
Zotu78	Bacteria	Gemmatimonadetes	Gemmatimonadetes	Gemmatimonadales	Gemmatimonadaceae	Gemmatimonas	Gemmatimonas_aurantiaca	
Zotu780	Bacteria	Tenericutes	Mollicutes	Mycoplasmatales	Mycoplasmataceae	Mycoplasma	Mycoplasma_sualvi	
Zotu781	Bacteria	Firmicutes	Bacilli	Bacillales	Alicyclobacillaceae	Effusibacillus	Effusibacillus_lacus	
Zotu782	Bacteria	Actinobacteria	Actinobacteria	Actinomycetales	Thermomonosporaceae	Actinomadura	Actinomadura_alba	
Zotu783	Bacteria	Actinobacteria	Actinobacteria	Actinomycetales	Corynebacteriaceae	Corynebacterium	Corynebacterium_flavescens	
Zotu79	Bacteria	Thermotogae	Thermotogae	Petrotogales	Petrotogaceae	Geotoga	Geotoga_petraea	
Zotu791	Bacteria	Proteobacteria	Betaproteobacteria	Burkholderiales	Comamonadaceae	Malikia	Malikia_spinosa	
Zotu792	Bacteria	Firmicutes	Bacilli	Bacillales	Bacillaceae_1	Bacillus	Bacillus_alveayuensis	
Zotu796	Bacteria	Proteobacteria	Alphaproteobacteria	Rhizobiales	Hyphomicrobiaceae	Devosia	Devosia_neptuniae	
Zotu797	Bacteria	Chloroflexi	Ktedonobacteria	Thermogemmatisporales	Thermogemmatisporaceae	Thermogemmatispora	Thermogemmatispora_foliorum	
Zotu799	Bacteria	Actinobacteria	Actinobacteria	Actinomycetales	Nocardiaceae	Nocardia	Nocardia_terpenica	
Zotu80	Bacteria	Firmicutes	Bacilli	Lactobacillales	Streptococcaceae	Streptococcus	Streptococcus_troglodytae	
Zotu801	Bacteria	Actinobacteria	Actinobacteria	Coriobacteriales	Coriobacteriaceae	Slackia	Slackia_faecicanis	
Zotu803	Bacteria	Firmicutes	Clostridia	Clostridiales	Peptococcaceae_2	Desulfotomaculum	Desulfotomaculum_thermosapovorans	
Zotu805	Archaea	Euryarchaeota	Halobacteria	Halobacteriales	Halobacteriaceae	Halorussus	Halorussus_ruber	
Zotu809	Bacteria	Actinobacteria	Actinobacteria	Rubrobacterales	Rubrobacteraceae	Rubrobacter	Rubrobacter_xylanophilus	
Zotu81	Bacteria	Proteobacteria	Gammaproteobacteria	Enterobacteriales	Enterobacteriaceae	Cronobacter	Cronobacter_turicensis	
Zotu812	Bacteria	Proteobacteria	Gammaproteobacteria	Oceanospirillales	Oceanospirillaceae	Marinobacterium	Marinobacterium_litorale	
Zotu813	Bacteria	Proteobacteria	Gammaproteobacteria	Enterobacteriales	Enterobacteriaceae	Salmonella	Salmonella_enterica	
Zotu816	Bacteria	Planctomycetes	Planctomycetia	Planctomycetales	Planctomycetaceae	Rubinisphaera	Rubinisphaera_brasiliensis	
Zotu817	Bacteria	Bacteroidetes	Sphingobacteriia	Sphingobacteriales	Sphingobacteriaceae	Pedobacter	Pedobacter_hartonius	
Zotu819	Archaea	Euryarchaeota	Methanomicrobia	Methanocellales	Methanocellaceae	Methanocella	Methanocella_conradii	
Zotu820	Bacteria	Proteobacteria	Deltaproteobacteria	Myxococcales	Polyangiaceae	Byssovorax	Byssovorax_cruenta	
Zotu821	Bacteria	Firmicutes	Bacilli	Lactobacillales	Lactobacillaceae	Lactobacillus	Lactobacillus_paucivorans	
Zotu824	Bacteria	Firmicutes	Bacilli	Lactobacillales	Lactobacillaceae	Lactobacillus	Lactobacillus_thailandensis	
Zotu828	Bacteria	Bacteroidetes	Flavobacteriia	Flavobacteriales	Flavobacteriaceae	Aureicoccus	Aureicoccus_marinus	
Zotu84	Bacteria	Bacteroidetes	Flavobacteriia	Flavobacteriales	Flavobacteriaceae	Gillisia	Gillisia_illustrilutea	
Zotu87	Bacteria	Proteobacteria	Deltaproteobacteria	Desulfovibrionales	Desulfomicrobiaceae	Desulfomicrobium	Desulfomicrobium_orale	
Zotu88	Bacteria	Firmicutes	Clostridia	Halanaerobiales	Halobacteroidaceae	Natroniella	Natroniella_acetigena	
Zotu89	Bacteria	Proteobacteria	Alphaproteobacteria	Rhodospirillales	Rhodospirillaceae	Phaeospirillum	Phaeospirillum_tilakii	
Zotu9	Bacteria	Actinobacteria	Actinobacteria	Actinomycetales	Thermomonosporaceae	Actinomadura	Actinomadura_echinospora	
Zotu90	Bacteria	Firmicutes	Clostridia	Clostridiales	Peptoniphilaceae	Peptoniphilus	Peptoniphilus_koenoeneniae	
Zotu91	Bacteria	Proteobacteria	Betaproteobacteria	Hydrogenophilales	Hydrogenophilaceae	Hydrogenophilus	Hydrogenophilus_thermoluteolus	
Zotu92	Bacteria	Deinococcus-Thermus	Deinococci	Thermales	Thermaceae	Rhabdothermus	Rhabdothermus_arcticus	
Zotu95	Bacteria	Tenericutes	Mollicutes	Mycoplasmatales	Mycoplasmataceae	Mycoplasma	Mycoplasma_testudinis	
Zotu99	Bacteria	Proteobacteria	Gammaproteobacteria	Enterobacteriales	Enterobacteriaceae	Serratia	Serratia_marcescens	
