sample,producer,consumer,metabolite,interaction_type,prod.flux,cons.flux,SampleName
A1_Context_1,Collinsella_intestinalis,Desulfomicrobium_orale,Heme,Produced,13.8826280773228,-0.0132876391272847,A1_Context
A1_Context_1,Leptonema_illini,Desulfomicrobium_orale,Heme,Produced,0.65136983899275,-0.0132876391272847,A1_Context
A1_Context_1,Neobacillus_niacini,Desulfomicrobium_orale,Heme,Produced,28.1595907774802,-0.0132876391272847,A1_Context
A1_Context_1,Prevotella_albensis,Desulfomicrobium_orale,Heme,Produced,0.404197332722663,-0.0132876391272847,A1_Context
A1_Context_1,Collinsella_intestinalis,Slackia_faecicanis,Heme,Produced,13.8826280773228,-0.0354533427524757,A1_Context
A1_Context_1,Leptonema_illini,Slackia_faecicanis,Heme,Produced,0.65136983899275,-0.0354533427524757,A1_Context
A1_Context_1,Neobacillus_niacini,Slackia_faecicanis,Heme,Produced,28.1595907774802,-0.0354533427524757,A1_Context
A1_Context_1,Prevotella_albensis,Slackia_faecicanis,Heme,Produced,0.404197332722663,-0.0354533427524757,A1_Context
A1_Context_1,Collinsella_intestinalis,Slackia_piriformis,Heme,Produced,13.8826280773228,-0.0167036316836498,A1_Context
A1_Context_1,Leptonema_illini,Slackia_piriformis,Heme,Produced,0.65136983899275,-0.0167036316836498,A1_Context
A1_Context_1,Neobacillus_niacini,Slackia_piriformis,Heme,Produced,28.1595907774802,-0.0167036316836498,A1_Context
A1_Context_1,Prevotella_albensis,Slackia_piriformis,Heme,Produced,0.404197332722663,-0.0167036316836498,A1_Context
A1_Context_1,Leptonema_illini,Collinsella_intestinalis,L-Arginine,Produced,28.0424711931553,-0.881106942823135,A1_Context
A1_Context_1,Prevotella_albensis,Collinsella_intestinalis,L-Arginine,Produced,28.3053579237042,-0.881106942823135,A1_Context
A1_Context_1,Leptonema_illini,Desulfomicrobium_orale,L-Arginine,Produced,28.0424711931553,-0.971920599362232,A1_Context
A1_Context_1,Prevotella_albensis,Desulfomicrobium_orale,L-Arginine,Produced,28.3053579237042,-0.971920599362232,A1_Context
A1_Context_1,Leptonema_illini,Neobacillus_niacini,L-Arginine,Produced,28.0424711931553,-524.469186889959,A1_Context
A1_Context_1,Prevotella_albensis,Neobacillus_niacini,L-Arginine,Produced,28.3053579237042,-524.469186889959,A1_Context
A1_Context_1,Leptonema_illini,Slackia_faecicanis,L-Arginine,Produced,28.0424711931553,-286.083166772997,A1_Context
A1_Context_1,Prevotella_albensis,Slackia_faecicanis,L-Arginine,Produced,28.3053579237042,-286.083166772997,A1_Context
A1_Context_1,Leptonema_illini,Slackia_piriformis,L-Arginine,Produced,28.0424711931553,-134.786383390095,A1_Context
A1_Context_1,Prevotella_albensis,Slackia_piriformis,L-Arginine,Produced,28.3053579237042,-134.786383390095,A1_Context
A1_Context_1,Desulfomicrobium_orale,Leptonema_illini,L-Glutamine,Produced,282.152609589843,-686.768850295465,A1_Context
A1_Context_1,Prevotella_albensis,Leptonema_illini,L-Glutamine,Produced,1533.53311946274,-686.768850295465,A1_Context
A1_Context_1,Desulfomicrobium_orale,Neobacillus_niacini,L-Glutamine,Produced,282.152609589843,-2444.51756518806,A1_Context
A1_Context_1,Prevotella_albensis,Neobacillus_niacini,L-Glutamine,Produced,1533.53311946274,-2444.51756518806,A1_Context
A1_Context_1,Desulfomicrobium_orale,Slackia_faecicanis,L-Glutamine,Produced,282.152609589843,-832.008519377041,A1_Context
A1_Context_1,Prevotella_albensis,Slackia_faecicanis,L-Glutamine,Produced,1533.53311946274,-832.008519377041,A1_Context
A1_Context_1,Desulfomicrobium_orale,Slackia_piriformis,L-Glutamine,Produced,282.152609589843,-649.501884961019,A1_Context
A1_Context_1,Prevotella_albensis,Slackia_piriformis,L-Glutamine,Produced,1533.53311946274,-649.501884961019,A1_Context
A1_Context_1,Slackia_faecicanis,Collinsella_intestinalis,Ornithine,Produced,284.471901163762,-0.0405596201820444,A1_Context
A1_Context_1,Slackia_faecicanis,Leptonema_illini,Ornithine,Produced,284.471901163762,-29.0295298146309,A1_Context
A1_Context_1,Slackia_faecicanis,Neobacillus_niacini,Ornithine,Produced,284.471901163762,-161.855724667374,A1_Context
A1_Context_1,Slackia_faecicanis,Prevotella_albensis,Ornithine,Produced,284.471901163762,-29.2478464556754,A1_Context
A1_Context_1,Slackia_faecicanis,Slackia_piriformis,Ornithine,Produced,284.471901163762,-81.714244930245,A1_Context
A1_Context_1,Leptonema_illini,Collinsella_intestinalis,L-Leucine,Produced,60.3641174693342,-1.91535859078131,A1_Context
A1_Context_1,Leptonema_illini,Desulfomicrobium_orale,L-Leucine,Produced,60.3641174693342,-1.72012315621919,A1_Context
A1_Context_1,Leptonema_illini,Neobacillus_niacini,L-Leucine,Produced,60.3641174693342,-190.12008024761,A1_Context
A1_Context_1,Desulfomicrobium_orale,Collinsella_intestinalis,Hydrogen,Produced,200.883426878184,-20.4554487743326,A1_Context
A1_Context_1,Slackia_faecicanis,Collinsella_intestinalis,Hydrogen,Produced,802.372285835861,-20.4554487743326,A1_Context
A1_Context_1,Slackia_piriformis,Collinsella_intestinalis,Hydrogen,Produced,1213.55339895806,-20.4554487743326,A1_Context
A1_Context_1,Desulfomicrobium_orale,Leptonema_illini,Hydrogen,Produced,200.883426878184,-17.8150155718668,A1_Context
A1_Context_1,Slackia_faecicanis,Leptonema_illini,Hydrogen,Produced,802.372285835861,-17.8150155718668,A1_Context
A1_Context_1,Slackia_piriformis,Leptonema_illini,Hydrogen,Produced,1213.55339895806,-17.8150155718668,A1_Context
A1_Context_1,Desulfomicrobium_orale,Neobacillus_niacini,Hydrogen,Produced,200.883426878184,-65.5586483612449,A1_Context
A1_Context_1,Slackia_faecicanis,Neobacillus_niacini,Hydrogen,Produced,802.372285835861,-65.5586483612449,A1_Context
A1_Context_1,Slackia_piriformis,Neobacillus_niacini,Hydrogen,Produced,1213.55339895806,-65.5586483612449,A1_Context
A1_Context_1,Desulfomicrobium_orale,Prevotella_albensis,Hydrogen,Produced,200.883426878184,-17.0105883358941,A1_Context
A1_Context_1,Slackia_faecicanis,Prevotella_albensis,Hydrogen,Produced,802.372285835861,-17.0105883358941,A1_Context
A1_Context_1,Slackia_piriformis,Prevotella_albensis,Hydrogen,Produced,1213.55339895806,-17.0105883358941,A1_Context
A1_Context_1,Prevotella_albensis,Collinsella_intestinalis,Uracil,Produced,3.22712422118217,-0.493425178648809,A1_Context
A1_Context_1,Prevotella_albensis,Desulfomicrobium_orale,Uracil,Produced,3.22712422118217,-1.05350331620568,A1_Context
A1_Context_1,Prevotella_albensis,Neobacillus_niacini,Uracil,Produced,3.22712422118217,-137.341227276957,A1_Context
A1_Context_1,Collinsella_intestinalis,Desulfomicrobium_orale,L-Alanine,Produced,29.07195371811,-381.534054937815,A1_Context
A1_Context_1,Slackia_faecicanis,Desulfomicrobium_orale,L-Alanine,Produced,4288.44227511673,-381.534054937815,A1_Context
A1_Context_1,Slackia_piriformis,Desulfomicrobium_orale,L-Alanine,Produced,2213.21119185235,-381.534054937815,A1_Context
A1_Context_1,Collinsella_intestinalis,Leptonema_illini,L-Alanine,Produced,29.07195371811,-387.476588688103,A1_Context
A1_Context_1,Slackia_faecicanis,Leptonema_illini,L-Alanine,Produced,4288.44227511673,-387.476588688103,A1_Context
A1_Context_1,Slackia_piriformis,Leptonema_illini,L-Alanine,Produced,2213.21119185235,-387.476588688103,A1_Context
A1_Context_1,Collinsella_intestinalis,Neobacillus_niacini,L-Alanine,Produced,29.07195371811,-1425.90060185708,A1_Context
A1_Context_1,Slackia_faecicanis,Neobacillus_niacini,L-Alanine,Produced,4288.44227511673,-1425.90060185708,A1_Context
A1_Context_1,Slackia_piriformis,Neobacillus_niacini,L-Alanine,Produced,2213.21119185235,-1425.90060185708,A1_Context
A1_Context_1,Collinsella_intestinalis,Prevotella_albensis,L-Alanine,Produced,29.07195371811,-369.980296305696,A1_Context
A1_Context_1,Slackia_faecicanis,Prevotella_albensis,L-Alanine,Produced,4288.44227511673,-369.980296305696,A1_Context
A1_Context_1,Slackia_piriformis,Prevotella_albensis,L-Alanine,Produced,2213.21119185235,-369.980296305696,A1_Context
A1_Context_1,Neobacillus_niacini,Collinsella_intestinalis,L-Methionine,Produced,208.076908717421,-0.577929733582981,A1_Context
A1_Context_1,Neobacillus_niacini,Desulfomicrobium_orale,L-Methionine,Produced,208.076908717421,-0.531038778171038,A1_Context
A1_Context_1,Neobacillus_niacini,Leptonema_illini,L-Methionine,Produced,208.076908717421,-0.518151359205474,A1_Context
A1_Context_1,Neobacillus_niacini,Prevotella_albensis,L-Methionine,Produced,208.076908717421,-0.527842918741368,A1_Context
A1_Context_1,Neobacillus_niacini,Slackia_faecicanis,L-Methionine,Produced,208.076908717421,-0.939435168756763,A1_Context
A1_Context_1,Neobacillus_niacini,Slackia_piriformis,L-Methionine,Produced,208.076908717421,-0.442609295236649,A1_Context
A1_Context_1,Collinsella_intestinalis,Slackia_faecicanis,Acetic Acid,Produced,4462.93373602133,-16.7220460479231,A1_Context
A1_Context_1,Desulfomicrobium_orale,Slackia_faecicanis,Acetic Acid,Produced,349.41658912525,-16.7220460479231,A1_Context
A1_Context_1,Prevotella_albensis,Slackia_faecicanis,Acetic Acid,Produced,4772.06914200832,-16.7220460479231,A1_Context
A1_Context_1,Slackia_piriformis,Slackia_faecicanis,Acetic Acid,Produced,226.454133545063,-16.7220460479231,A1_Context
A1_Context_1,Desulfomicrobium_orale,Collinsella_intestinalis,Fe2+,Produced,17.479390962435,-1.8205349409156,A1_Context
A1_Context_1,Neobacillus_niacini,Collinsella_intestinalis,Fe2+,Produced,29.4652634676985,-1.8205349409156,A1_Context
A1_Context_1,Desulfomicrobium_orale,Leptonema_illini,Fe2+,Produced,17.479390962435,-0.703300058816904,A1_Context
A1_Context_1,Neobacillus_niacini,Leptonema_illini,Fe2+,Produced,29.4652634676985,-0.703300058816904,A1_Context
A1_Context_1,Desulfomicrobium_orale,Prevotella_albensis,Fe2+,Produced,17.479390962435,-0.453782672014621,A1_Context
A1_Context_1,Neobacillus_niacini,Prevotella_albensis,Fe2+,Produced,29.4652634676985,-0.453782672014621,A1_Context
A1_Context_1,Neobacillus_niacini,Desulfomicrobium_orale,D-Fructose,Produced,56.0500365741891,-0.0405807899126941,A1_Context
A1_Context_1,Neobacillus_niacini,Leptonema_illini,D-Fructose,Produced,56.0500365741891,-0.0405807899189006,A1_Context
A1_Context_1,Neobacillus_niacini,Prevotella_albensis,D-Fructose,Produced,56.0500365741891,-0.0442699526224392,A1_Context
A1_Context_1,Collinsella_intestinalis,Leptonema_illini,Glycerol,Produced,0.102344634551034,-231.595202434268,A1_Context
A1_Context_1,Collinsella_intestinalis,Neobacillus_niacini,Glycerol,Produced,0.102344634551034,-694.170263125829,A1_Context
A1_Context_1,Collinsella_intestinalis,Slackia_faecicanis,Glycerol,Produced,0.102344634551034,-6.72323447616034,A1_Context
A1_Context_1,Collinsella_intestinalis,Slackia_piriformis,Glycerol,Produced,0.102344634551034,-219.027873008904,A1_Context
A1_Context_1,Collinsella_intestinalis,Desulfomicrobium_orale,Sulfate,Produced,6.03700756415187,-0.0245585138810344,A1_Context
A1_Context_1,Prevotella_albensis,Desulfomicrobium_orale,Sulfate,Produced,184.940314262724,-0.0245585138810344,A1_Context
A1_Context_1,Collinsella_intestinalis,Leptonema_illini,Sulfate,Produced,6.03700756415187,-1.11417925210068,A1_Context
A1_Context_1,Prevotella_albensis,Leptonema_illini,Sulfate,Produced,184.940314262724,-1.11417925210068,A1_Context
A1_Context_1,Collinsella_intestinalis,Neobacillus_niacini,Sulfate,Produced,6.03700756415187,-3.1514066246872,A1_Context
A1_Context_1,Prevotella_albensis,Neobacillus_niacini,Sulfate,Produced,184.940314262724,-3.1514066246872,A1_Context
A1_Context_1,Collinsella_intestinalis,Slackia_faecicanis,Sulfate,Produced,6.03700756415187,-0.00730560571602486,A1_Context
A1_Context_1,Prevotella_albensis,Slackia_faecicanis,Sulfate,Produced,184.940314262724,-0.00730560571602486,A1_Context
A1_Context_1,Collinsella_intestinalis,Slackia_piriformis,Sulfate,Produced,6.03700756415187,-0.00344199270492916,A1_Context
A1_Context_1,Prevotella_albensis,Slackia_piriformis,Sulfate,Produced,184.940314262724,-0.00344199270492916,A1_Context
A1_Context_1,Desulfomicrobium_orale,Collinsella_intestinalis,Succinic Acid,Produced,564.70741258896,-69.6362182976154,A1_Context
A1_Context_1,Leptonema_illini,Collinsella_intestinalis,Succinic Acid,Produced,966.700662349137,-69.6362182976154,A1_Context
A1_Context_1,Neobacillus_niacini,Collinsella_intestinalis,Succinic Acid,Produced,32216.0283022371,-69.6362182976154,A1_Context
A1_Context_1,Prevotella_albensis,Collinsella_intestinalis,Succinic Acid,Produced,2448.26039437923,-69.6362182976154,A1_Context
A1_Context_1,Slackia_faecicanis,Collinsella_intestinalis,Succinic Acid,Produced,1661.15291126376,-69.6362182976154,A1_Context
A1_Context_1,Slackia_piriformis,Collinsella_intestinalis,Succinic Acid,Produced,774.028614236548,-69.6362182976154,A1_Context
A1_Context_1,Leptonema_illini,Neobacillus_niacini,Xanthosine,Produced,112.142706321185,-0.0838177975834928,A1_Context
A1_Context_1,Leptonema_illini,Prevotella_albensis,Xanthosine,Produced,112.142706321185,-0.0315448375604258,A1_Context
A1_Context_1,Slackia_piriformis,Neobacillus_niacini,D-Alanine,Produced,158.160768313098,-1.14721525218614,A1_Context
A1_Context_1,Collinsella_intestinalis,Neobacillus_niacini,Deoxyguanosine,Produced,0.0257085249381597,-0.0288771097327246,A1_Context
A1_Context_1,Prevotella_albensis,Neobacillus_niacini,Deoxyguanosine,Produced,3.91255114618347,-0.0288771097327246,A1_Context
A1_Context_1,Desulfomicrobium_orale,Collinsella_intestinalis,D-Lactic Acid,Produced,3859.77836846393,-11.1332124859546,A1_Context
A1_Context_1,Slackia_piriformis,Collinsella_intestinalis,D-Lactic Acid,Produced,179.511268844474,-11.1332124859546,A1_Context
A1_Context_1,Desulfomicrobium_orale,Neobacillus_niacini,D-Lactic Acid,Produced,3859.77836846393,-29.6885666292124,A1_Context
A1_Context_1,Slackia_piriformis,Neobacillus_niacini,D-Lactic Acid,Produced,179.511268844474,-29.6885666292124,A1_Context
A1_Context_1,Desulfomicrobium_orale,Prevotella_albensis,D-Lactic Acid,Produced,3859.77836846393,-8.90656998876362,A1_Context
A1_Context_1,Slackia_piriformis,Prevotella_albensis,D-Lactic Acid,Produced,179.511268844474,-8.90656998876362,A1_Context
A1_Context_1,Desulfomicrobium_orale,Slackia_faecicanis,D-Lactic Acid,Produced,3859.77836846393,-17.8131399775275,A1_Context
A1_Context_1,Slackia_piriformis,Slackia_faecicanis,D-Lactic Acid,Produced,179.511268844474,-17.8131399775275,A1_Context
A1_Context_1,Slackia_faecicanis,Collinsella_intestinalis,Glycine,Produced,1949.4863741418,-1927.58512276642,A1_Context
A1_Context_1,Slackia_piriformis,Collinsella_intestinalis,Glycine,Produced,752.833644654205,-1927.58512276642,A1_Context
A1_Context_1,Slackia_faecicanis,Desulfomicrobium_orale,Glycine,Produced,1949.4863741418,-568.977457006435,A1_Context
A1_Context_1,Slackia_piriformis,Desulfomicrobium_orale,Glycine,Produced,752.833644654205,-568.977457006435,A1_Context
A1_Context_1,Slackia_faecicanis,Leptonema_illini,Glycine,Produced,1949.4863741418,-1678.76830066286,A1_Context
A1_Context_1,Slackia_piriformis,Leptonema_illini,Glycine,Produced,752.833644654205,-1678.76830066286,A1_Context
A1_Context_1,Slackia_faecicanis,Neobacillus_niacini,Glycine,Produced,1949.4863741418,-6177.80996368945,A1_Context
A1_Context_1,Slackia_piriformis,Neobacillus_niacini,Glycine,Produced,752.833644654205,-6177.80996368945,A1_Context
A1_Context_1,Slackia_faecicanis,Prevotella_albensis,Glycine,Produced,1949.4863741418,-1602.96444079572,A1_Context
A1_Context_1,Slackia_piriformis,Prevotella_albensis,Glycine,Produced,752.833644654205,-1602.96444079572,A1_Context
A1_Context_1,Collinsella_intestinalis,Neobacillus_niacini,Propionic Acid,Produced,111.385501580037,-2.33772261285653,A1_Context
A1_Context_1,Prevotella_albensis,Neobacillus_niacini,Propionic Acid,Produced,276.598889975926,-2.33772261285653,A1_Context
A1_Context_1,Desulfomicrobium_orale,Neobacillus_niacini,Urea,Produced,0.0265752782545405,-1847.32284515639,A1_Context
A1_Context_1,Slackia_faecicanis,Neobacillus_niacini,Urea,Produced,283.742735722218,-1847.32284515639,A1_Context
A1_Context_1,Slackia_piriformis,Neobacillus_niacini,Urea,Produced,133.654238750116,-1847.32284515639,A1_Context
A1_Context_1,Leptonema_illini,Collinsella_intestinalis,Acetaldehyde,Produced,108.374221906346,-53.1841668132647,A1_Context
A1_Context_1,Prevotella_albensis,Collinsella_intestinalis,Acetaldehyde,Produced,83.5663358683947,-53.1841668132647,A1_Context
A1_Context_1,Leptonema_illini,Desulfomicrobium_orale,Acetaldehyde,Produced,108.374221906346,-45.6086686362446,A1_Context
A1_Context_1,Prevotella_albensis,Desulfomicrobium_orale,Acetaldehyde,Produced,83.5663358683947,-45.6086686362446,A1_Context
A1_Context_1,Leptonema_illini,Neobacillus_niacini,Acetaldehyde,Produced,108.374221906346,-170.452485739237,A1_Context
A1_Context_1,Prevotella_albensis,Neobacillus_niacini,Acetaldehyde,Produced,83.5663358683947,-170.452485739237,A1_Context
A1_Context_1,Leptonema_illini,Slackia_faecicanis,Acetaldehyde,Produced,108.374221906346,-92.9770292012241,A1_Context
A1_Context_1,Prevotella_albensis,Slackia_faecicanis,Acetaldehyde,Produced,83.5663358683947,-92.9770292012241,A1_Context
A1_Context_1,Leptonema_illini,Slackia_piriformis,Acetaldehyde,Produced,108.374221906346,-43.8055746017808,A1_Context
A1_Context_1,Prevotella_albensis,Slackia_piriformis,Acetaldehyde,Produced,83.5663358683947,-43.8055746017808,A1_Context
A1_Context_1,Collinsella_intestinalis,Desulfomicrobium_orale,Ethanol,Produced,186.19617829938,-54.379566450907,A1_Context
A1_Context_1,Slackia_faecicanis,Desulfomicrobium_orale,Ethanol,Produced,590.346407894644,-54.379566450907,A1_Context
A1_Context_1,Slackia_piriformis,Desulfomicrobium_orale,Ethanol,Produced,43.8055746017808,-54.379566450907,A1_Context
A1_Context_1,Collinsella_intestinalis,Leptonema_illini,Ethanol,Produced,186.19617829938,-55.2265482727871,A1_Context
A1_Context_1,Slackia_faecicanis,Leptonema_illini,Ethanol,Produced,590.346407894644,-55.2265482727871,A1_Context
A1_Context_1,Slackia_piriformis,Leptonema_illini,Ethanol,Produced,43.8055746017808,-55.2265482727871,A1_Context
A1_Context_1,Collinsella_intestinalis,Neobacillus_niacini,Ethanol,Produced,186.19617829938,-203.231809919859,A1_Context
A1_Context_1,Slackia_faecicanis,Neobacillus_niacini,Ethanol,Produced,590.346407894644,-203.231809919859,A1_Context
A1_Context_1,Slackia_piriformis,Neobacillus_niacini,Ethanol,Produced,43.8055746017808,-203.231809919859,A1_Context
A1_Context_1,Collinsella_intestinalis,Prevotella_albensis,Ethanol,Produced,186.19617829938,-52.7328238412717,A1_Context
A1_Context_1,Slackia_faecicanis,Prevotella_albensis,Ethanol,Produced,590.346407894644,-52.7328238412717,A1_Context
A1_Context_1,Slackia_piriformis,Prevotella_albensis,Ethanol,Produced,43.8055746017808,-52.7328238412717,A1_Context
A1_Context_1,Slackia_piriformis,Neobacillus_niacini,Formaldehyde,Produced,0.0167036316800491,-1.2061508778939e-4,A1_Context
A1_Context_1,Slackia_piriformis,Slackia_faecicanis,Formaldehyde,Produced,0.0167036316800491,-7.23690534341646e-5,A1_Context
A1_Context_1,Leptonema_illini,Neobacillus_niacini,Hydrogen,Produced,7435.93878801404,-80.2691629734672,A1_Context
A1_Context_1,Prevotella_albensis,Neobacillus_niacini,Hydrogen,Produced,4210.75264503501,-80.2691629734672,A1_Context
A1_Context_1,Desulfomicrobium_orale,Collinsella_intestinalis,Adenosine,Produced,0.0265752782544193,-28.6376282840656,A1_Context
A1_Context_1,Desulfomicrobium_orale,Neobacillus_niacini,Adenosine,Produced,0.0265752782544193,-81.3313748923101,A1_Context
A1_Context_1,Desulfomicrobium_orale,Prevotella_albensis,Adenosine,Produced,0.0265752782544193,-15.3107789294689,A1_Context
A1_Context_1,Desulfomicrobium_orale,Slackia_faecicanis,Adenosine,Produced,0.0265752782544193,-1.3832752748839101,A1_Context
A1_Context_1,Prevotella_albensis,Collinsella_intestinalis,Formic Acid,Produced,1086.66470339143,-548.206027152113,A1_Context
A1_Context_1,Prevotella_albensis,Desulfomicrobium_orale,Formic Acid,Produced,1086.66470339143,-470.120122865905,A1_Context
A1_Context_1,Prevotella_albensis,Leptonema_illini,Formic Acid,Produced,1086.66470339143,-477.44241732603,A1_Context
A1_Context_1,Prevotella_albensis,Neobacillus_niacini,Formic Acid,Produced,1086.66470339143,-1756.97177608136,A1_Context
A1_Context_1,Prevotella_albensis,Slackia_faecicanis,Formic Acid,Produced,1086.66470339143,-958.378608689541,A1_Context
A1_Context_1,Prevotella_albensis,Slackia_piriformis,Formic Acid,Produced,1086.66470339143,-166.386568989399,A1_Context
A1_Context_1,Neobacillus_niacini,Collinsella_intestinalis,L-Phenylalanine,Produced,173.815980421278,-0.802703358928018,A1_Context
A1_Context_1,Neobacillus_niacini,Desulfomicrobium_orale,L-Phenylalanine,Produced,173.815980421278,-0.592102407526977,A1_Context
A1_Context_1,Neobacillus_niacini,Leptonema_illini,L-Phenylalanine,Produced,173.815980421278,-0.601324621094538,A1_Context
A1_Context_1,Neobacillus_niacini,Prevotella_albensis,L-Phenylalanine,Produced,173.815980421278,-0.574172138354143,A1_Context
A1_Context_1,Neobacillus_niacini,Slackia_faecicanis,L-Phenylalanine,Produced,173.815980421278,-1.40329308729667,A1_Context
A1_Context_1,Neobacillus_niacini,Slackia_piriformis,L-Phenylalanine,Produced,173.815980421278,-0.661153196132,A1_Context
A1_Context_1,Leptonema_illini,Desulfomicrobium_orale,L-Tyrosine,Produced,251.417709882496,-0.454000226547276,A1_Context
A1_Context_1,Leptonema_illini,Neobacillus_niacini,L-Tyrosine,Produced,251.417709882496,-40.1738990788876,A1_Context
A1_Context_1,Leptonema_illini,Prevotella_albensis,L-Tyrosine,Produced,251.417709882496,-27.9231020098934,A1_Context
A1_Context_1,Leptonema_illini,Slackia_faecicanis,L-Tyrosine,Produced,251.417709882496,-0.919854334979091,A1_Context
A1_Context_1,Leptonema_illini,Slackia_piriformis,L-Tyrosine,Produced,251.417709882496,-0.43338390180418,A1_Context
A1_Context_1,Desulfomicrobium_orale,Neobacillus_niacini,Oxoglutaric acid,Produced,897.57727121981,-268.790458281104,A1_Context
A1_Context_1,Desulfomicrobium_orale,Slackia_faecicanis,Oxoglutaric acid,Produced,897.57727121981,-146.617622971161,A1_Context
A1_Context_1,Desulfomicrobium_orale,Slackia_piriformis,Oxoglutaric acid,Produced,897.57727121981,-69.0780214874236,A1_Context
A1_Context_1,Prevotella_albensis,Desulfomicrobium_orale,Dodecanoic Acid,Produced,107.034426526207,-0.18770352280966,A1_Context
A1_Context_1,Prevotella_albensis,Leptonema_illini,Dodecanoic Acid,Produced,107.034426526207,-0.187703522809673,A1_Context
A1_Context_1,Leptonema_illini,Desulfomicrobium_orale,Coenzyme A,Produced,18.0194152838364,-0.0265752782463987,A1_Context
A1_Context_1,Neobacillus_niacini,Desulfomicrobium_orale,Coenzyme A,Produced,60.2800587571044,-0.0265752782463987,A1_Context
A1_Context_1,Leptonema_illini,Slackia_faecicanis,Coenzyme A,Produced,18.0194152838364,-0.0709066855076575,A1_Context
A1_Context_1,Neobacillus_niacini,Slackia_faecicanis,Coenzyme A,Produced,60.2800587571044,-0.0709066855076575,A1_Context
A1_Context_1,Leptonema_illini,Slackia_piriformis,Coenzyme A,Produced,18.0194152838364,-0.0334072633667215,A1_Context
A1_Context_1,Neobacillus_niacini,Slackia_piriformis,Coenzyme A,Produced,60.2800587571044,-0.0334072633667215,A1_Context
A1_Context_1,Leptonema_illini,Desulfomicrobium_orale,Niacinamide,Produced,82.8395065944941,-0.467265138308415,A1_Context
A1_Context_1,Neobacillus_niacini,Desulfomicrobium_orale,Niacinamide,Produced,0.0611831660074579,-0.467265138308415,A1_Context
A1_Context_1,Desulfomicrobium_orale,Leptonema_illini,NADP,Produced,0.440689860004393,-0.0866268285921926,A1_Context
A1_Context_2,Collinsella_intestinalis,Desulfomicrobium_orale,Heme,Produced,13.8091973642609,-0.00974912165479602,A1_Context
A1_Context_2,Leptonema_illini,Desulfomicrobium_orale,Heme,Produced,0.323831246334853,-0.00974912165479602,A1_Context
A1_Context_2,Neobacillus_niacini,Desulfomicrobium_orale,Heme,Produced,20.9595504374772,-0.00974912165479602,A1_Context
A1_Context_2,Prevotella_albensis,Desulfomicrobium_orale,Heme,Produced,1.3233814522687,-0.00974912165479602,A1_Context
A1_Context_2,Collinsella_intestinalis,Slackia_faecicanis,Heme,Produced,13.8091973642609,-0.0354541992160193,A1_Context
A1_Context_2,Leptonema_illini,Slackia_faecicanis,Heme,Produced,0.323831246334853,-0.0354541992160193,A1_Context
A1_Context_2,Neobacillus_niacini,Slackia_faecicanis,Heme,Produced,20.9595504374772,-0.0354541992160193,A1_Context
A1_Context_2,Prevotella_albensis,Slackia_faecicanis,Heme,Produced,1.3233814522687,-0.0354541992160193,A1_Context
A1_Context_2,Collinsella_intestinalis,Slackia_piriformis,Heme,Produced,13.8091973642609,-0.010737846700473,A1_Context
A1_Context_2,Leptonema_illini,Slackia_piriformis,Heme,Produced,0.323831246334853,-0.010737846700473,A1_Context
A1_Context_2,Neobacillus_niacini,Slackia_piriformis,Heme,Produced,20.9595504374772,-0.010737846700473,A1_Context
A1_Context_2,Prevotella_albensis,Slackia_piriformis,Heme,Produced,1.3233814522687,-0.010737846700473,A1_Context
A1_Context_2,Neobacillus_niacini,Collinsella_intestinalis,L-Lysine,Produced,220.402658806979,-1.46693362595812,A1_Context
A1_Context_2,Prevotella_albensis,Collinsella_intestinalis,L-Lysine,Produced,265.917634215793,-1.46693362595812,A1_Context
A1_Context_2,Neobacillus_niacini,Desulfomicrobium_orale,L-Lysine,Produced,220.402658806979,-0.804672990616284,A1_Context
A1_Context_2,Prevotella_albensis,Desulfomicrobium_orale,L-Lysine,Produced,265.917634215793,-0.804672990616284,A1_Context
A1_Context_2,Neobacillus_niacini,Leptonema_illini,L-Lysine,Produced,220.402658806979,-1.16821576247535,A1_Context
A1_Context_2,Prevotella_albensis,Leptonema_illini,L-Lysine,Produced,265.917634215793,-1.16821576247535,A1_Context
A1_Context_2,Neobacillus_niacini,Slackia_faecicanis,L-Lysine,Produced,220.402658806979,-2.57820539529792,A1_Context
A1_Context_2,Prevotella_albensis,Slackia_faecicanis,L-Lysine,Produced,265.917634215793,-2.57820539529792,A1_Context
A1_Context_2,Neobacillus_niacini,Slackia_piriformis,L-Lysine,Produced,220.402658806979,-0.780848951870105,A1_Context
A1_Context_2,Prevotella_albensis,Slackia_piriformis,L-Lysine,Produced,265.917634215793,-0.780848951870105,A1_Context
A1_Context_2,Prevotella_albensis,Collinsella_intestinalis,L-Arginine,Produced,278.764393195211,-0.876446419559594,A1_Context
A1_Context_2,Prevotella_albensis,Desulfomicrobium_orale,L-Arginine,Produced,278.764393195211,-0.713096741356262,A1_Context
A1_Context_2,Prevotella_albensis,Leptonema_illini,L-Arginine,Produced,278.764393195211,-1.00695898545096,A1_Context
A1_Context_2,Prevotella_albensis,Neobacillus_niacini,L-Arginine,Produced,278.764393195211,-302.653911096578,A1_Context
A1_Context_2,Prevotella_albensis,Slackia_faecicanis,L-Arginine,Produced,278.764393195211,-286.090077819971,A1_Context
A1_Context_2,Prevotella_albensis,Slackia_piriformis,L-Arginine,Produced,278.764393195211,-86.6467573961161,A1_Context
A1_Context_2,Desulfomicrobium_orale,Leptonema_illini,L-Glutamine,Produced,207.17398153412,-652.055009946453,A1_Context
A1_Context_2,Desulfomicrobium_orale,Neobacillus_niacini,L-Glutamine,Produced,207.17398153412,-2202.26369799213,A1_Context
A1_Context_2,Desulfomicrobium_orale,Prevotella_albensis,L-Glutamine,Produced,207.17398153412,-705.237952992614,A1_Context
A1_Context_2,Desulfomicrobium_orale,Slackia_faecicanis,L-Glutamine,Produced,207.17398153412,-832.028618602722,A1_Context
A1_Context_2,Desulfomicrobium_orale,Slackia_piriformis,L-Glutamine,Produced,207.17398153412,-417.529062202534,A1_Context
A1_Context_2,Slackia_faecicanis,Collinsella_intestinalis,Ornithine,Produced,284.478773286627,-0.0403450843020821,A1_Context
A1_Context_2,Slackia_faecicanis,Leptonema_illini,Ornithine,Produced,284.478773286627,-0.028307344022573,A1_Context
A1_Context_2,Slackia_faecicanis,Neobacillus_niacini,Ornithine,Produced,284.478773286627,-296.502117972004,A1_Context
A1_Context_2,Slackia_faecicanis,Prevotella_albensis,Ornithine,Produced,284.478773286627,-89.7215189297972,A1_Context
A1_Context_2,Slackia_faecicanis,Slackia_piriformis,Ornithine,Produced,284.478773286627,-52.5295966713954,A1_Context
A1_Context_2,Neobacillus_niacini,Desulfomicrobium_orale,D-Ribose,Produced,89.8912397532809,-1.05770953423098,A1_Context
A1_Context_2,Neobacillus_niacini,Collinsella_intestinalis,Myo-Inositol,Produced,57.2791206003431,-0.729753056963834,A1_Context
A1_Context_2,Neobacillus_niacini,Desulfomicrobium_orale,Myo-Inositol,Produced,57.2791206003431,-0.518347631992227,A1_Context
A1_Context_2,Neobacillus_niacini,Leptonema_illini,Myo-Inositol,Produced,57.2791206003431,-14.5436556480566,A1_Context
A1_Context_2,Neobacillus_niacini,Prevotella_albensis,Myo-Inositol,Produced,57.2791206003431,-0.745048055562354,A1_Context
A1_Context_2,Neobacillus_niacini,Slackia_faecicanis,Myo-Inositol,Produced,57.2791206003431,-1.28257559538306,A1_Context
A1_Context_2,Neobacillus_niacini,Slackia_piriformis,Myo-Inositol,Produced,57.2791206003431,-0.388447643145454,A1_Context
A1_Context_2,Desulfomicrobium_orale,Collinsella_intestinalis,Hydrogen,Produced,149.952245842015,-20.3472518118202,A1_Context
A1_Context_2,Slackia_faecicanis,Collinsella_intestinalis,Hydrogen,Produced,802.482880926743,-20.3472518118202,A1_Context
A1_Context_2,Slackia_piriformis,Collinsella_intestinalis,Hydrogen,Produced,780.156101907837,-20.3472518118202,A1_Context
A1_Context_2,Desulfomicrobium_orale,Leptonema_illini,Hydrogen,Produced,149.952245842015,-18.6850966896977,A1_Context
A1_Context_2,Slackia_faecicanis,Leptonema_illini,Hydrogen,Produced,802.482880926743,-18.6850966896977,A1_Context
A1_Context_2,Slackia_piriformis,Leptonema_illini,Hydrogen,Produced,780.156101907837,-18.6850966896977,A1_Context
A1_Context_2,Desulfomicrobium_orale,Neobacillus_niacini,Hydrogen,Produced,149.952245842015,-62.3752514351351,A1_Context
A1_Context_2,Slackia_faecicanis,Neobacillus_niacini,Hydrogen,Produced,802.482880926743,-62.3752514351351,A1_Context
A1_Context_2,Slackia_piriformis,Neobacillus_niacini,Hydrogen,Produced,780.156101907837,-62.3752514351351,A1_Context
A1_Context_2,Desulfomicrobium_orale,Prevotella_albensis,Hydrogen,Produced,149.952245842015,-18.4992822535664,A1_Context
A1_Context_2,Slackia_faecicanis,Prevotella_albensis,Hydrogen,Produced,802.482880926743,-18.4992822535664,A1_Context
A1_Context_2,Slackia_piriformis,Prevotella_albensis,Hydrogen,Produced,780.156101907837,-18.4992822535664,A1_Context
A1_Context_2,Slackia_piriformis,Collinsella_intestinalis,Uracil,Produced,2.05080397108759e-12,-0.340005896610133,A1_Context
A1_Context_2,Slackia_piriformis,Desulfomicrobium_orale,Uracil,Produced,2.05080397108759e-12,-1.55857749693886,A1_Context
A1_Context_2,Slackia_piriformis,Neobacillus_niacini,Uracil,Produced,2.05080397108759e-12,-491.776099149089,A1_Context
A1_Context_2,Slackia_piriformis,Prevotella_albensis,Uracil,Produced,2.05080397108759e-12,-1.0217709280261,A1_Context
A1_Context_2,Desulfomicrobium_orale,Neobacillus_niacini,Cytidine,Produced,0.785623633952374,-0.00532058275998113,A1_Context
A1_Context_2,Desulfomicrobium_orale,Prevotella_albensis,Cytidine,Produced,0.785623633952374,-0.0015961748280074,A1_Context
A1_Context_2,Collinsella_intestinalis,Desulfomicrobium_orale,L-Alanine,Produced,26.7926716152974,-279.930985587791,A1_Context
A1_Context_2,Slackia_faecicanis,Desulfomicrobium_orale,L-Alanine,Produced,4283.59683326541,-279.930985587791,A1_Context
A1_Context_2,Slackia_piriformis,Desulfomicrobium_orale,L-Alanine,Produced,1422.72250263061,-279.930985587791,A1_Context
A1_Context_2,Collinsella_intestinalis,Leptonema_illini,L-Alanine,Produced,26.7926716152974,-406.400853000925,A1_Context
A1_Context_2,Slackia_faecicanis,Leptonema_illini,L-Alanine,Produced,4283.59683326541,-406.400853000925,A1_Context
A1_Context_2,Slackia_piriformis,Leptonema_illini,L-Alanine,Produced,1422.72250263061,-406.400853000925,A1_Context
A1_Context_2,Collinsella_intestinalis,Neobacillus_niacini,L-Alanine,Produced,26.7926716152974,-1363.96290576014,A1_Context
A1_Context_2,Slackia_faecicanis,Neobacillus_niacini,L-Alanine,Produced,4283.59683326541,-1363.96290576014,A1_Context
A1_Context_2,Slackia_piriformis,Neobacillus_niacini,L-Alanine,Produced,1422.72250263061,-1363.96290576014,A1_Context
A1_Context_2,Collinsella_intestinalis,Prevotella_albensis,L-Alanine,Produced,26.7926716152974,-402.35938901507,A1_Context
A1_Context_2,Slackia_faecicanis,Prevotella_albensis,L-Alanine,Produced,4283.59683326541,-402.35938901507,A1_Context
A1_Context_2,Slackia_piriformis,Prevotella_albensis,L-Alanine,Produced,1422.72250263061,-402.35938901507,A1_Context
A1_Context_2,Neobacillus_niacini,Collinsella_intestinalis,L-Methionine,Produced,274.008357628672,-0.574872834542552,A1_Context
A1_Context_2,Neobacillus_niacini,Desulfomicrobium_orale,L-Methionine,Produced,274.008357628672,-0.38962238530184,A1_Context
A1_Context_2,Neobacillus_niacini,Leptonema_illini,L-Methionine,Produced,274.008357628672,-5.63266947235283,A1_Context
A1_Context_2,Neobacillus_niacini,Prevotella_albensis,L-Methionine,Produced,274.008357628672,-0.54601163190958,A1_Context
A1_Context_2,Neobacillus_niacini,Slackia_faecicanis,L-Methionine,Produced,274.008357628672,-0.93945786313686,A1_Context
A1_Context_2,Neobacillus_niacini,Slackia_piriformis,L-Methionine,Produced,274.008357628672,-0.284529188056851,A1_Context
A1_Context_2,Collinsella_intestinalis,Neobacillus_niacini,Acetic Acid,Produced,4438.62327608138,-815.242196546291,A1_Context
A1_Context_2,Desulfomicrobium_orale,Neobacillus_niacini,Acetic Acid,Produced,256.547748964897,-815.242196546291,A1_Context
A1_Context_2,Prevotella_albensis,Neobacillus_niacini,Acetic Acid,Produced,1071.0714168919,-815.242196546291,A1_Context
A1_Context_2,Slackia_piriformis,Neobacillus_niacini,Acetic Acid,Produced,145.574915485529,-815.242196546291,A1_Context
A1_Context_2,Collinsella_intestinalis,Slackia_faecicanis,Acetic Acid,Produced,4438.62327608138,-16.7224500103721,A1_Context
A1_Context_2,Desulfomicrobium_orale,Slackia_faecicanis,Acetic Acid,Produced,256.547748964897,-16.7224500103721,A1_Context
A1_Context_2,Prevotella_albensis,Slackia_faecicanis,Acetic Acid,Produced,1071.0714168919,-16.7224500103721,A1_Context
A1_Context_2,Slackia_piriformis,Slackia_faecicanis,Acetic Acid,Produced,145.574915485529,-16.7224500103721,A1_Context
A1_Context_2,Desulfomicrobium_orale,Collinsella_intestinalis,Fe2+,Produced,12.8246039279149,-1.81090541125199,A1_Context
A1_Context_2,Neobacillus_niacini,Collinsella_intestinalis,Fe2+,Produced,22.0360204864522,-1.81090541125199,A1_Context
A1_Context_2,Desulfomicrobium_orale,Leptonema_illini,Fe2+,Produced,12.8246039279149,-0.378297725727378,A1_Context
A1_Context_2,Neobacillus_niacini,Leptonema_illini,Fe2+,Produced,22.0360204864522,-0.378297725727378,A1_Context
A1_Context_2,Desulfomicrobium_orale,Prevotella_albensis,Fe2+,Produced,12.8246039279149,-1.37730628832284,A1_Context
A1_Context_2,Neobacillus_niacini,Prevotella_albensis,Fe2+,Produced,22.0360204864522,-1.37730628832284,A1_Context
A1_Context_2,Collinsella_intestinalis,Leptonema_illini,Glycerol,Produced,0.101803293281961,-242.90625696607,A1_Context
A1_Context_2,Collinsella_intestinalis,Neobacillus_niacini,Glycerol,Produced,0.101803293281961,-792.865578225952,A1_Context
A1_Context_2,Collinsella_intestinalis,Slackia_faecicanis,Glycerol,Produced,0.101803293281961,-6.72339689261096,A1_Context
A1_Context_2,Collinsella_intestinalis,Slackia_piriformis,Glycerol,Produced,0.101803293281961,-140.800980768689,A1_Context
A1_Context_2,Collinsella_intestinalis,Desulfomicrobium_orale,Sulfate,Produced,6.00507544238786,-0.0180185461983814,A1_Context
A1_Context_2,Collinsella_intestinalis,Leptonema_illini,Sulfate,Produced,6.00507544238786,-0.0261591353645412,A1_Context
A1_Context_2,Collinsella_intestinalis,Neobacillus_niacini,Sulfate,Produced,6.00507544238786,-1.73740043102233,A1_Context
A1_Context_2,Collinsella_intestinalis,Prevotella_albensis,Sulfate,Produced,6.00507544238786,-0.0215603165337411,A1_Context
A1_Context_2,Collinsella_intestinalis,Slackia_faecicanis,Sulfate,Produced,6.00507544238786,-0.00730578220046252,A1_Context
A1_Context_2,Collinsella_intestinalis,Slackia_piriformis,Sulfate,Produced,6.00507544238786,-0.00221266792151059,A1_Context
A1_Context_2,Desulfomicrobium_orale,Collinsella_intestinalis,Succinic Acid,Produced,414.05326434856,-69.2678847849684,A1_Context
A1_Context_2,Leptonema_illini,Collinsella_intestinalis,Succinic Acid,Produced,1862.2740924772,-69.2678847849684,A1_Context
A1_Context_2,Neobacillus_niacini,Collinsella_intestinalis,Succinic Acid,Produced,36913.7879199698,-69.2678847849684,A1_Context
A1_Context_2,Prevotella_albensis,Collinsella_intestinalis,Succinic Acid,Produced,6466.10617065667,-69.2678847849684,A1_Context
A1_Context_2,Slackia_faecicanis,Collinsella_intestinalis,Succinic Acid,Produced,1661.19306363123,-69.2678847849684,A1_Context
A1_Context_2,Slackia_piriformis,Collinsella_intestinalis,Succinic Acid,Produced,497.580451885447,-69.2678847849684,A1_Context
A1_Context_2,Slackia_piriformis,Neobacillus_niacini,D-Alanine,Produced,101.672864699535,-0.63681793344811,A1_Context
A1_Context_2,Collinsella_intestinalis,Neobacillus_niacini,Deoxyguanosine,Produced,0.0127759683610728,-0.066704908601411,A1_Context
A1_Context_2,Leptonema_illini,Neobacillus_niacini,Deoxyguanosine,Produced,8.00214617100516,-0.066704908601411,A1_Context
A1_Context_2,Prevotella_albensis,Neobacillus_niacini,Deoxyguanosine,Produced,1.56935718275841,-0.066704908601411,A1_Context
A1_Context_2,Desulfomicrobium_orale,Collinsella_intestinalis,D-Lactic Acid,Produced,2832.57873449329,-8.2445779957991,A1_Context
A1_Context_2,Slackia_piriformis,Collinsella_intestinalis,D-Lactic Acid,Produced,115.397927967384,-8.2445779957991,A1_Context
A1_Context_2,Desulfomicrobium_orale,Neobacillus_niacini,D-Lactic Acid,Produced,2832.57873449329,-23.5559371308548,A1_Context
A1_Context_2,Slackia_piriformis,Neobacillus_niacini,D-Lactic Acid,Produced,115.397927967384,-23.5559371308548,A1_Context
A1_Context_2,Desulfomicrobium_orale,Prevotella_albensis,D-Lactic Acid,Produced,2832.57873449329,-7.06678113925641,A1_Context
A1_Context_2,Slackia_piriformis,Prevotella_albensis,D-Lactic Acid,Produced,115.397927967384,-7.06678113925641,A1_Context
A1_Context_2,Desulfomicrobium_orale,Slackia_faecicanis,D-Lactic Acid,Produced,2832.57873449329,-12.95576542197,A1_Context
A1_Context_2,Slackia_piriformis,Slackia_faecicanis,D-Lactic Acid,Produced,115.397927967384,-12.95576542197,A1_Context
A1_Context_2,Prevotella_albensis,Collinsella_intestinalis,Glycine,Produced,169.061823603191,-1917.3893623327,A1_Context
A1_Context_2,Slackia_faecicanis,Collinsella_intestinalis,Glycine,Produced,1949.53346881031,-1917.3893623327,A1_Context
A1_Context_2,Slackia_piriformis,Collinsella_intestinalis,Glycine,Produced,483.955370918387,-1917.3893623327,A1_Context
A1_Context_2,Prevotella_albensis,Desulfomicrobium_orale,Glycine,Produced,169.061823603191,-417.035395700737,A1_Context
A1_Context_2,Slackia_faecicanis,Desulfomicrobium_orale,Glycine,Produced,1949.53346881031,-417.035395700737,A1_Context
A1_Context_2,Slackia_piriformis,Desulfomicrobium_orale,Glycine,Produced,483.955370918387,-417.035395700737,A1_Context
A1_Context_2,Prevotella_albensis,Leptonema_illini,Glycine,Produced,169.061823603191,-1760.75894466356,A1_Context
A1_Context_2,Slackia_faecicanis,Leptonema_illini,Glycine,Produced,1949.53346881031,-1760.75894466356,A1_Context
A1_Context_2,Slackia_piriformis,Leptonema_illini,Glycine,Produced,483.955370918387,-1760.75894466356,A1_Context
A1_Context_2,Prevotella_albensis,Neobacillus_niacini,Glycine,Produced,169.061823603191,-5909.4607424483,A1_Context
A1_Context_2,Slackia_faecicanis,Neobacillus_niacini,Glycine,Produced,1949.53346881031,-5909.4607424483,A1_Context
A1_Context_2,Slackia_piriformis,Neobacillus_niacini,Glycine,Produced,483.955370918387,-5909.4607424483,A1_Context
A1_Context_2,Collinsella_intestinalis,Neobacillus_niacini,Propionic Acid,Produced,110.796339588505,-1.52665922666374,A1_Context
A1_Context_2,Prevotella_albensis,Neobacillus_niacini,Propionic Acid,Produced,255.935216063254,-1.52665922666374,A1_Context
A1_Context_2,Desulfomicrobium_orale,Neobacillus_niacini,Urea,Produced,0.0194982433093855,-6075.29021364467,A1_Context
A1_Context_2,Slackia_faecicanis,Neobacillus_niacini,Urea,Produced,283.749590230224,-6075.29021364467,A1_Context
A1_Context_2,Slackia_piriformis,Neobacillus_niacini,Urea,Produced,85.9189638349862,-6075.29021364467,A1_Context
A1_Context_2,Prevotella_albensis,Collinsella_intestinalis,Acetaldehyde,Produced,55.7784178032981,-52.9028547107324,A1_Context
A1_Context_2,Prevotella_albensis,Desulfomicrobium_orale,Acetaldehyde,Produced,55.7784178032981,-33.4630143691153,A1_Context
A1_Context_2,Prevotella_albensis,Leptonema_illini,Acetaldehyde,Produced,55.7784178032981,-48.581251393214004,A1_Context
A1_Context_2,Prevotella_albensis,Neobacillus_niacini,Acetaldehyde,Produced,55.7784178032981,-163.048439309258,A1_Context
A1_Context_2,Prevotella_albensis,Slackia_faecicanis,Acetaldehyde,Produced,55.7784178032981,-92.9792752914905,A1_Context
A1_Context_2,Prevotella_albensis,Slackia_piriformis,Acetaldehyde,Produced,55.7784178032981,-28.1601961537377,A1_Context
A1_Context_2,Collinsella_intestinalis,Desulfomicrobium_orale,Ethanol,Produced,183.802838061855,-39.898209440099,A1_Context
A1_Context_2,Slackia_faecicanis,Desulfomicrobium_orale,Ethanol,Produced,590.360669173287,-39.898209440099,A1_Context
A1_Context_2,Slackia_piriformis,Desulfomicrobium_orale,Ethanol,Produced,28.1601961537375,-39.898209440099,A1_Context
A1_Context_2,Collinsella_intestinalis,Neobacillus_niacini,Ethanol,Produced,183.802838061855,-194.403908407192,A1_Context
A1_Context_2,Slackia_faecicanis,Neobacillus_niacini,Ethanol,Produced,590.360669173287,-194.403908407192,A1_Context
A1_Context_2,Slackia_piriformis,Neobacillus_niacini,Ethanol,Produced,28.1601961537375,-194.403908407192,A1_Context
A1_Context_2,Collinsella_intestinalis,Prevotella_albensis,Ethanol,Produced,183.802838061855,-57.347774986056,A1_Context
A1_Context_2,Slackia_faecicanis,Prevotella_albensis,Ethanol,Produced,590.360669173287,-57.347774986056,A1_Context
A1_Context_2,Slackia_piriformis,Prevotella_albensis,Ethanol,Produced,28.1601961537375,-57.347774986056,A1_Context
A1_Context_2,Slackia_piriformis,Neobacillus_niacini,Formaldehyde,Produced,0.0107378466958571,-8.95697168088595e-5,A1_Context
A1_Context_2,Slackia_piriformis,Slackia_faecicanis,Formaldehyde,Produced,0.0107378466958571,-4.92633442385143e-5,A1_Context
A1_Context_2,Leptonema_illini,Neobacillus_niacini,Hydrogen,Produced,7479.85203831448,-57.5502914726644,A1_Context
A1_Context_2,Prevotella_albensis,Neobacillus_niacini,Hydrogen,Produced,5857.64866558949,-57.5502914726644,A1_Context
A1_Context_2,Neobacillus_niacini,Leptonema_illini,Indole,Produced,18.4784444660355,-0.0534890450983498,A1_Context
A1_Context_2,Prevotella_albensis,Leptonema_illini,Indole,Produced,13.5282583075048,-0.0534890450983498,A1_Context
A1_Context_2,Desulfomicrobium_orale,Collinsella_intestinalis,Adenosine,Produced,0.0194982433098658,-28.4861525365482,A1_Context
A1_Context_2,Neobacillus_niacini,Collinsella_intestinalis,Adenosine,Produced,63.599325974435,-28.4861525365482,A1_Context
A1_Context_2,Desulfomicrobium_orale,Prevotella_albensis,Adenosine,Produced,0.0194982433098658,-7.6571913911563,A1_Context
A1_Context_2,Neobacillus_niacini,Prevotella_albensis,Adenosine,Produced,63.599325974435,-7.6571913911563,A1_Context
A1_Context_2,Desulfomicrobium_orale,Slackia_faecicanis,Adenosine,Produced,0.0194982433098658,-1.38330869132116,A1_Context
A1_Context_2,Neobacillus_niacini,Slackia_faecicanis,Adenosine,Produced,63.599325974435,-1.38330869132116,A1_Context
A1_Context_2,Neobacillus_niacini,Collinsella_intestinalis,L-Phenylalanine,Produced,402.591817561869,-0.798457543242624,A1_Context
A1_Context_2,Prevotella_albensis,Collinsella_intestinalis,L-Phenylalanine,Produced,167.990296658493,-0.798457543242624,A1_Context
A1_Context_2,Neobacillus_niacini,Desulfomicrobium_orale,L-Phenylalanine,Produced,402.591817561869,-0.434424682050546,A1_Context
A1_Context_2,Prevotella_albensis,Desulfomicrobium_orale,L-Phenylalanine,Produced,167.990296658493,-0.434424682050546,A1_Context
A1_Context_2,Neobacillus_niacini,Leptonema_illini,L-Phenylalanine,Produced,402.591817561869,-0.630693172379296,A1_Context
A1_Context_2,Prevotella_albensis,Leptonema_illini,L-Phenylalanine,Produced,167.990296658493,-0.630693172379296,A1_Context
A1_Context_2,Neobacillus_niacini,Slackia_faecicanis,L-Phenylalanine,Produced,402.591817561869,-1.40332698731495,A1_Context
A1_Context_2,Prevotella_albensis,Slackia_faecicanis,L-Phenylalanine,Produced,167.990296658493,-1.40332698731495,A1_Context
A1_Context_2,Neobacillus_niacini,Slackia_piriformis,L-Phenylalanine,Produced,402.591817561869,-0.425019049752199,A1_Context
A1_Context_2,Prevotella_albensis,Slackia_piriformis,L-Phenylalanine,Produced,167.990296658493,-0.425019049752199,A1_Context
A1_Context_2,Neobacillus_niacini,Collinsella_intestinalis,Pantothenic Acid,Produced,20.5473955840102,-0.0403450843005857,A1_Context
A1_Context_2,Neobacillus_niacini,Prevotella_albensis,Pantothenic Acid,Produced,20.5473955840102,-0.0280258408990748,A1_Context
A1_Context_2,Neobacillus_niacini,Collinsella_intestinalis,Riboflavin,Produced,33.4407046922541,-0.0403450843038747,A1_Context
A1_Context_2,Prevotella_albensis,Collinsella_intestinalis,Riboflavin,Produced,19.4039059663582,-0.0403450843038747,A1_Context
A1_Context_2,Neobacillus_niacini,Desulfomicrobium_orale,Riboflavin,Produced,33.4407046922541,-0.0194982433099085,A1_Context
A1_Context_2,Prevotella_albensis,Desulfomicrobium_orale,Riboflavin,Produced,19.4039059663582,-0.0194982433099085,A1_Context
A1_Context_2,Neobacillus_niacini,Leptonema_illini,Riboflavin,Produced,33.4407046922541,-0.0283073440280656,A1_Context
A1_Context_2,Prevotella_albensis,Leptonema_illini,Riboflavin,Produced,19.4039059663582,-0.0283073440280656,A1_Context
A1_Context_2,Neobacillus_niacini,Slackia_faecicanis,Riboflavin,Produced,33.4407046922541,-0.0709083984326671,A1_Context
A1_Context_2,Prevotella_albensis,Slackia_faecicanis,Riboflavin,Produced,19.4039059663582,-0.0709083984326671,A1_Context
A1_Context_2,Neobacillus_niacini,Slackia_piriformis,Riboflavin,Produced,33.4407046922541,-0.0214756934012554,A1_Context
A1_Context_2,Prevotella_albensis,Slackia_piriformis,Riboflavin,Produced,19.4039059663582,-0.0214756934012554,A1_Context
A1_Context_2,Neobacillus_niacini,Desulfomicrobium_orale,L-Tyrosine,Produced,46.0527541089582,-0.333099311135573,A1_Context
A1_Context_2,Neobacillus_niacini,Leptonema_illini,L-Tyrosine,Produced,46.0527541089582,-41.2166670630228,A1_Context
A1_Context_2,Neobacillus_niacini,Prevotella_albensis,L-Tyrosine,Produced,46.0527541089582,-8.9179173157515,A1_Context
A1_Context_2,Neobacillus_niacini,Slackia_faecicanis,L-Tyrosine,Produced,46.0527541089582,-0.919876556337305,A1_Context
A1_Context_2,Neobacillus_niacini,Slackia_piriformis,L-Tyrosine,Produced,46.0527541089582,-0.27859868968337,A1_Context
A1_Context_2,Desulfomicrobium_orale,Neobacillus_niacini,Oxoglutaric acid,Produced,658.869231159618,-257.114846603061,A1_Context
A1_Context_2,Desulfomicrobium_orale,Slackia_faecicanis,Oxoglutaric acid,Produced,658.869231159618,-146.621164882735,A1_Context
A1_Context_2,Desulfomicrobium_orale,Slackia_piriformis,Oxoglutaric acid,Produced,658.869231159618,-44.4064631655095,A1_Context
A1_Context_2,Prevotella_albensis,Desulfomicrobium_orale,Dodecanoic Acid,Produced,20.4109036633567,-0.200806863494081,A1_Context
A1_Context_2,Prevotella_albensis,Leptonema_illini,Dodecanoic Acid,Produced,20.4109036633567,-0.424079665420586,A1_Context
A1_Context_2,Leptonema_illini,Desulfomicrobium_orale,Coenzyme A,Produced,58.2005693967235,-0.0194982433098083,A1_Context
A1_Context_2,Neobacillus_niacini,Desulfomicrobium_orale,Coenzyme A,Produced,170.763077566893,-0.0194982433098083,A1_Context
A1_Context_2,Leptonema_illini,Slackia_faecicanis,Coenzyme A,Produced,58.2005693967235,-0.0709083984302526,A1_Context
A1_Context_2,Neobacillus_niacini,Slackia_faecicanis,Coenzyme A,Produced,170.763077566893,-0.0709083984302526,A1_Context
A1_Context_2,Leptonema_illini,Slackia_piriformis,Coenzyme A,Produced,58.2005693967235,-0.0214756934011174,A1_Context
A1_Context_2,Neobacillus_niacini,Slackia_piriformis,Coenzyme A,Produced,170.763077566893,-0.0214756934011174,A1_Context
A1_Context_2,Leptonema_illini,Desulfomicrobium_orale,Niacinamide,Produced,2.87192676217837e-6,-7.2136370239035e-4,A1_Context
A1_Context_2,Neobacillus_niacini,Desulfomicrobium_orale,Niacinamide,Produced,296.083508020373,-7.2136370239035e-4,A1_Context
A1_Context_2,Leptonema_illini,Desulfomicrobium_orale,NADP,Produced,65.1358279011869,-0.0100065848201112,A1_Context
A1_Context_3,Collinsella_intestinalis,Desulfomicrobium_orale,Heme,Produced,13.8091973642489,-0.00974912165479589,A1_Context
A1_Context_3,Leptonema_illini,Desulfomicrobium_orale,Heme,Produced,0.958181221303893,-0.00974912165479589,A1_Context
A1_Context_3,Neobacillus_niacini,Desulfomicrobium_orale,Heme,Produced,14.9265799073015,-0.00974912165479589,A1_Context
A1_Context_3,Prevotella_albensis,Desulfomicrobium_orale,Heme,Produced,0.114300891141737,-0.00974912165479589,A1_Context
A1_Context_3,Collinsella_intestinalis,Slackia_faecicanis,Heme,Produced,13.8091973642489,-0.0354541992160193,A1_Context
A1_Context_3,Leptonema_illini,Slackia_faecicanis,Heme,Produced,0.958181221303893,-0.0354541992160193,A1_Context
A1_Context_3,Neobacillus_niacini,Slackia_faecicanis,Heme,Produced,14.9265799073015,-0.0354541992160193,A1_Context
A1_Context_3,Prevotella_albensis,Slackia_faecicanis,Heme,Produced,0.114300891141737,-0.0354541992160193,A1_Context
A1_Context_3,Collinsella_intestinalis,Slackia_piriformis,Heme,Produced,13.8091973642489,-0.010737846699668,A1_Context
A1_Context_3,Leptonema_illini,Slackia_piriformis,Heme,Produced,0.958181221303893,-0.010737846699668,A1_Context
A1_Context_3,Neobacillus_niacini,Slackia_piriformis,Heme,Produced,14.9265799073015,-0.010737846699668,A1_Context
A1_Context_3,Prevotella_albensis,Slackia_piriformis,Heme,Produced,0.114300891141737,-0.010737846699668,A1_Context
A1_Context_3,Neobacillus_niacini,Collinsella_intestinalis,L-Lysine,Produced,108.868802460213,-1.46693362595802,A1_Context
A1_Context_3,Neobacillus_niacini,Desulfomicrobium_orale,L-Lysine,Produced,108.868802460213,-0.804672990616488,A1_Context
A1_Context_3,Neobacillus_niacini,Leptonema_illini,L-Lysine,Produced,108.868802460213,-1.16821576248313,A1_Context
A1_Context_3,Neobacillus_niacini,Prevotella_albensis,L-Lysine,Produced,108.868802460213,-1.15659841094643,A1_Context
A1_Context_3,Neobacillus_niacini,Slackia_faecicanis,L-Lysine,Produced,108.868802460213,-2.57820539529792,A1_Context
A1_Context_3,Neobacillus_niacini,Slackia_piriformis,L-Lysine,Produced,108.868802460213,-0.780848951811725,A1_Context
A1_Context_3,Leptonema_illini,Collinsella_intestinalis,L-Arginine,Produced,647.010385420873,-0.876446419559441,A1_Context
A1_Context_3,Prevotella_albensis,Collinsella_intestinalis,L-Arginine,Produced,413.949787874519,-0.876446419559441,A1_Context
A1_Context_3,Leptonema_illini,Desulfomicrobium_orale,L-Arginine,Produced,647.010385420873,-0.71309674135595,A1_Context
A1_Context_3,Prevotella_albensis,Desulfomicrobium_orale,L-Arginine,Produced,413.949787874519,-0.71309674135595,A1_Context
A1_Context_3,Leptonema_illini,Neobacillus_niacini,L-Arginine,Produced,647.010385420873,-92.3637524864412,A1_Context
A1_Context_3,Prevotella_albensis,Neobacillus_niacini,L-Arginine,Produced,413.949787874519,-92.3637524864412,A1_Context
A1_Context_3,Leptonema_illini,Slackia_faecicanis,L-Arginine,Produced,647.010385420873,-286.090077819971,A1_Context
A1_Context_3,Prevotella_albensis,Slackia_faecicanis,L-Arginine,Produced,413.949787874519,-286.090077819971,A1_Context
A1_Context_3,Leptonema_illini,Slackia_piriformis,L-Arginine,Produced,647.010385420873,-86.6467573906056,A1_Context
A1_Context_3,Prevotella_albensis,Slackia_piriformis,L-Arginine,Produced,413.949787874519,-86.6467573906056,A1_Context
A1_Context_3,Desulfomicrobium_orale,Leptonema_illini,L-Glutamine,Produced,207.179465737455,-720.310477394191,A1_Context
A1_Context_3,Prevotella_albensis,Leptonema_illini,L-Glutamine,Produced,145.598020527388,-720.310477394191,A1_Context
A1_Context_3,Desulfomicrobium_orale,Neobacillus_niacini,L-Glutamine,Produced,207.179465737455,-2410.67067401671,A1_Context
A1_Context_3,Prevotella_albensis,Neobacillus_niacini,L-Glutamine,Produced,145.598020527388,-2410.67067401671,A1_Context
A1_Context_3,Desulfomicrobium_orale,Slackia_faecicanis,L-Glutamine,Produced,207.179465737455,-832.028618603671,A1_Context
A1_Context_3,Prevotella_albensis,Slackia_faecicanis,L-Glutamine,Produced,145.598020527388,-832.028618603671,A1_Context
A1_Context_3,Desulfomicrobium_orale,Slackia_piriformis,L-Glutamine,Produced,207.179465737455,-417.529062175981,A1_Context
A1_Context_3,Prevotella_albensis,Slackia_piriformis,L-Glutamine,Produced,145.598020527388,-417.529062175981,A1_Context
A1_Context_3,Slackia_faecicanis,Collinsella_intestinalis,Ornithine,Produced,284.478773286627,-0.0403450843022846,A1_Context
A1_Context_3,Slackia_faecicanis,Leptonema_illini,Ornithine,Produced,284.478773286627,-90.6227189458321,A1_Context
A1_Context_3,Slackia_faecicanis,Neobacillus_niacini,Ornithine,Produced,284.478773286627,-257.13826288881,A1_Context
A1_Context_3,Slackia_faecicanis,Prevotella_albensis,Ornithine,Produced,284.478773286627,-89.1791091870438,A1_Context
A1_Context_3,Slackia_faecicanis,Slackia_piriformis,Ornithine,Produced,284.478773286627,-52.5295966680547,A1_Context
A1_Context_3,Neobacillus_niacini,Desulfomicrobium_orale,D-Ribose,Produced,24.2639865683451,-0.0683356392128152,A1_Context
A1_Context_3,Leptonema_illini,Collinsella_intestinalis,L-Leucine,Produced,73.629937308252,-1.90522750131142,A1_Context
A1_Context_3,Neobacillus_niacini,Collinsella_intestinalis,L-Leucine,Produced,126.14207694794,-1.90522750131142,A1_Context
A1_Context_3,Leptonema_illini,Desulfomicrobium_orale,L-Leucine,Produced,73.629937308252,-1.26205187773161,A1_Context
A1_Context_3,Neobacillus_niacini,Desulfomicrobium_orale,L-Leucine,Produced,126.14207694794,-1.26205187773161,A1_Context
A1_Context_3,Neobacillus_niacini,Collinsella_intestinalis,Myo-Inositol,Produced,2521.1055341189,-0.729753056963834,A1_Context
A1_Context_3,Neobacillus_niacini,Desulfomicrobium_orale,Myo-Inositol,Produced,2521.1055341189,-0.518347631992222,A1_Context
A1_Context_3,Neobacillus_niacini,Leptonema_illini,Myo-Inositol,Produced,2521.1055341189,-0.752531626139495,A1_Context
A1_Context_3,Neobacillus_niacini,Prevotella_albensis,Myo-Inositol,Produced,2521.1055341189,-0.51179521135671,A1_Context
A1_Context_3,Neobacillus_niacini,Slackia_faecicanis,Myo-Inositol,Produced,2521.1055341189,-1.28257559538306,A1_Context
A1_Context_3,Neobacillus_niacini,Slackia_piriformis,Myo-Inositol,Produced,2521.1055341189,-0.388447643116477,A1_Context
A1_Context_3,Neobacillus_niacini,Collinsella_intestinalis,L-Isoleucine,Produced,103.765611405418,-1.5561344358934,A1_Context
A1_Context_3,Neobacillus_niacini,Leptonema_illini,L-Isoleucine,Produced,103.765611405418,-1.25923670553008,A1_Context
A1_Context_3,Neobacillus_niacini,Slackia_faecicanis,L-Isoleucine,Produced,103.765611405418,-2.73498004779292,A1_Context
A1_Context_3,Neobacillus_niacini,Slackia_piriformis,L-Isoleucine,Produced,103.765611405418,-0.828330554051608,A1_Context
A1_Context_3,Desulfomicrobium_orale,Collinsella_intestinalis,Hydrogen,Produced,148.851862438041,-20.3472518118202,A1_Context
A1_Context_3,Slackia_faecicanis,Collinsella_intestinalis,Hydrogen,Produced,802.358534841139,-20.3472518118202,A1_Context
A1_Context_3,Slackia_piriformis,Collinsella_intestinalis,Hydrogen,Produced,780.11088509938,-20.3472518118202,A1_Context
A1_Context_3,Desulfomicrobium_orale,Leptonema_illini,Hydrogen,Produced,148.851862438041,-18.6850966898623,A1_Context
A1_Context_3,Slackia_faecicanis,Leptonema_illini,Hydrogen,Produced,802.358534841139,-18.6850966898623,A1_Context
A1_Context_3,Slackia_piriformis,Leptonema_illini,Hydrogen,Produced,780.11088509938,-18.6850966898623,A1_Context
A1_Context_3,Desulfomicrobium_orale,Neobacillus_niacini,Hydrogen,Produced,148.851862438041,-62.7109381962315,A1_Context
A1_Context_3,Slackia_faecicanis,Neobacillus_niacini,Hydrogen,Produced,802.358534841139,-62.7109381962315,A1_Context
A1_Context_3,Slackia_piriformis,Neobacillus_niacini,Hydrogen,Produced,780.11088509938,-62.7109381962315,A1_Context
A1_Context_3,Desulfomicrobium_orale,Prevotella_albensis,Hydrogen,Produced,148.851862438041,-18.4992822732881,A1_Context
A1_Context_3,Slackia_faecicanis,Prevotella_albensis,Hydrogen,Produced,802.358534841139,-18.4992822732881,A1_Context
A1_Context_3,Slackia_piriformis,Prevotella_albensis,Hydrogen,Produced,780.11088509938,-18.4992822732881,A1_Context
A1_Context_3,Slackia_piriformis,Collinsella_intestinalis,Uracil,Produced,2.6139090891774698e-12,-0.452678073863067,A1_Context
A1_Context_3,Slackia_piriformis,Desulfomicrobium_orale,Uracil,Produced,2.6139090891774698e-12,-1.55857749694017,A1_Context
A1_Context_3,Slackia_piriformis,Neobacillus_niacini,Uracil,Produced,2.6139090891774698e-12,-496.29651591144,A1_Context
A1_Context_3,Slackia_piriformis,Prevotella_albensis,Uracil,Produced,2.6139090891774698e-12,-1.02273832216089,A1_Context
A1_Context_3,Desulfomicrobium_orale,Collinsella_intestinalis,Cytidine,Produced,0.785623633953037,-1.29642577597656e-12,A1_Context
A1_Context_3,Desulfomicrobium_orale,Neobacillus_niacini,Cytidine,Produced,0.785623633953037,-0.00628781794494091,A1_Context
A1_Context_3,Desulfomicrobium_orale,Prevotella_albensis,Cytidine,Produced,0.785623633953037,-6.2878179568449e-4,A1_Context
A1_Context_3,Collinsella_intestinalis,Desulfomicrobium_orale,L-Alanine,Produced,26.786034820508,-279.93098558779,A1_Context
A1_Context_3,Slackia_faecicanis,Desulfomicrobium_orale,L-Alanine,Produced,4283.71395943982,-279.93098558779,A1_Context
A1_Context_3,Slackia_piriformis,Desulfomicrobium_orale,L-Alanine,Produced,1422.76771930086,-279.93098558779,A1_Context
A1_Context_3,Collinsella_intestinalis,Leptonema_illini,L-Alanine,Produced,26.786034820508,-406.400853004505,A1_Context
A1_Context_3,Slackia_faecicanis,Leptonema_illini,L-Alanine,Produced,4283.71395943982,-406.400853004505,A1_Context
A1_Context_3,Slackia_piriformis,Leptonema_illini,L-Alanine,Produced,1422.76771930086,-406.400853004505,A1_Context
A1_Context_3,Collinsella_intestinalis,Neobacillus_niacini,L-Alanine,Produced,26.786034820508,-1363.96290576804,A1_Context
A1_Context_3,Slackia_faecicanis,Neobacillus_niacini,L-Alanine,Produced,4283.71395943982,-1363.96290576804,A1_Context
A1_Context_3,Slackia_piriformis,Neobacillus_niacini,L-Alanine,Produced,1422.76771930086,-1363.96290576804,A1_Context
A1_Context_3,Collinsella_intestinalis,Prevotella_albensis,L-Alanine,Produced,26.786034820508,-402.359389444017,A1_Context
A1_Context_3,Slackia_faecicanis,Prevotella_albensis,L-Alanine,Produced,4283.71395943982,-402.359389444017,A1_Context
A1_Context_3,Slackia_piriformis,Prevotella_albensis,L-Alanine,Produced,1422.76771930086,-402.359389444017,A1_Context
A1_Context_3,Prevotella_albensis,Collinsella_intestinalis,L-Methionine,Produced,541.91876453919,-0.574872834542552,A1_Context
A1_Context_3,Prevotella_albensis,Desulfomicrobium_orale,L-Methionine,Produced,541.91876453919,-0.389622385301836,A1_Context
A1_Context_3,Prevotella_albensis,Leptonema_illini,L-Methionine,Produced,541.91876453919,-0.569319238773492,A1_Context
A1_Context_3,Prevotella_albensis,Neobacillus_niacini,L-Methionine,Produced,541.91876453919,-9.42673137910713,A1_Context
A1_Context_3,Prevotella_albensis,Slackia_faecicanis,L-Methionine,Produced,541.91876453919,-0.93945786313686,A1_Context
A1_Context_3,Prevotella_albensis,Slackia_piriformis,L-Methionine,Produced,541.91876453919,-0.284529188033122,A1_Context
A1_Context_3,Collinsella_intestinalis,Neobacillus_niacini,Acetic Acid,Produced,4438.62531838542,-815.24219655101,A1_Context
A1_Context_3,Desulfomicrobium_orale,Neobacillus_niacini,Acetic Acid,Produced,256.402943229395,-815.24219655101,A1_Context
A1_Context_3,Leptonema_illini,Neobacillus_niacini,Acetic Acid,Produced,2232.34377812362,-815.24219655101,A1_Context
A1_Context_3,Prevotella_albensis,Neobacillus_niacini,Acetic Acid,Produced,2411.86612158751,-815.24219655101,A1_Context
A1_Context_3,Slackia_piriformis,Neobacillus_niacini,Acetic Acid,Produced,145.574915476349,-815.24219655101,A1_Context
A1_Context_3,Collinsella_intestinalis,Slackia_faecicanis,Acetic Acid,Produced,4438.62531838542,-16.7224500103721,A1_Context
A1_Context_3,Desulfomicrobium_orale,Slackia_faecicanis,Acetic Acid,Produced,256.402943229395,-16.7224500103721,A1_Context
A1_Context_3,Leptonema_illini,Slackia_faecicanis,Acetic Acid,Produced,2232.34377812362,-16.7224500103721,A1_Context
A1_Context_3,Prevotella_albensis,Slackia_faecicanis,Acetic Acid,Produced,2411.86612158751,-16.7224500103721,A1_Context
A1_Context_3,Slackia_piriformis,Slackia_faecicanis,Acetic Acid,Produced,145.574915476349,-16.7224500103721,A1_Context
A1_Context_3,Desulfomicrobium_orale,Collinsella_intestinalis,Fe2+,Produced,12.824603927915,-1.81090541125199,A1_Context
A1_Context_3,Neobacillus_niacini,Collinsella_intestinalis,Fe2+,Produced,47.502020869646,-1.81090541125199,A1_Context
A1_Context_3,Desulfomicrobium_orale,Leptonema_illini,Fe2+,Produced,12.824603927915,-1.01264770069677,A1_Context
A1_Context_3,Neobacillus_niacini,Leptonema_illini,Fe2+,Produced,47.502020869646,-1.01264770069677,A1_Context
A1_Context_3,Desulfomicrobium_orale,Prevotella_albensis,Fe2+,Produced,12.824603927915,-0.168225727252878,A1_Context
A1_Context_3,Neobacillus_niacini,Prevotella_albensis,Fe2+,Produced,47.502020869646,-0.168225727252878,A1_Context
A1_Context_3,Leptonema_illini,Desulfomicrobium_orale,D-Fructose,Produced,26.1110654640958,-0.235238996292377,A1_Context
A1_Context_3,Neobacillus_niacini,Desulfomicrobium_orale,D-Fructose,Produced,1725.18116557732,-0.235238996292377,A1_Context
A1_Context_3,Leptonema_illini,Prevotella_albensis,D-Fructose,Produced,26.1110654640958,-0.352858494438562,A1_Context
A1_Context_3,Neobacillus_niacini,Prevotella_albensis,D-Fructose,Produced,1725.18116557732,-0.352858494438562,A1_Context
A1_Context_3,Collinsella_intestinalis,Leptonema_illini,Glycerol,Produced,0.101803293282021,-242.90625696821,A1_Context
A1_Context_3,Collinsella_intestinalis,Neobacillus_niacini,Glycerol,Produced,0.101803293282021,-150.110851397633,A1_Context
A1_Context_3,Collinsella_intestinalis,Slackia_faecicanis,Glycerol,Produced,0.101803293282021,-6.72339689261096,A1_Context
A1_Context_3,Collinsella_intestinalis,Slackia_piriformis,Glycerol,Produced,0.101803293282021,-140.800980759734,A1_Context
A1_Context_3,Collinsella_intestinalis,Desulfomicrobium_orale,Sulfate,Produced,6.00507544238192,-0.0180185461988613,A1_Context
A1_Context_3,Prevotella_albensis,Desulfomicrobium_orale,Sulfate,Produced,168.758024528464,-0.0180185461988613,A1_Context
A1_Context_3,Collinsella_intestinalis,Leptonema_illini,Sulfate,Produced,6.00507544238192,-0.0717766627488467,A1_Context
A1_Context_3,Prevotella_albensis,Leptonema_illini,Sulfate,Produced,168.758024528464,-0.0717766627488467,A1_Context
A1_Context_3,Collinsella_intestinalis,Neobacillus_niacini,Sulfate,Produced,6.00507544238192,-1.42697224229947,A1_Context
A1_Context_3,Prevotella_albensis,Neobacillus_niacini,Sulfate,Produced,168.758024528464,-1.42697224229947,A1_Context
A1_Context_3,Collinsella_intestinalis,Slackia_faecicanis,Sulfate,Produced,6.00507544238192,-0.00730578220203872,A1_Context
A1_Context_3,Prevotella_albensis,Slackia_faecicanis,Sulfate,Produced,168.758024528464,-0.00730578220203872,A1_Context
A1_Context_3,Collinsella_intestinalis,Slackia_piriformis,Sulfate,Produced,6.00507544238192,-0.00221266792176793,A1_Context
A1_Context_3,Prevotella_albensis,Slackia_piriformis,Sulfate,Produced,168.758024528464,-0.00221266792176793,A1_Context
A1_Context_3,Desulfomicrobium_orale,Collinsella_intestinalis,Succinic Acid,Produced,414.486114910014,-69.2678847849122,A1_Context
A1_Context_3,Neobacillus_niacini,Collinsella_intestinalis,Succinic Acid,Produced,32468.038813527,-69.2678847849122,A1_Context
A1_Context_3,Prevotella_albensis,Collinsella_intestinalis,Succinic Acid,Produced,4783.02807782485,-69.2678847849122,A1_Context
A1_Context_3,Slackia_faecicanis,Collinsella_intestinalis,Succinic Acid,Produced,1661.19306363065,-69.2678847849122,A1_Context
A1_Context_3,Slackia_piriformis,Collinsella_intestinalis,Succinic Acid,Produced,497.580451854462,-69.2678847849122,A1_Context
A1_Context_3,Desulfomicrobium_orale,Leptonema_illini,Succinic Acid,Produced,414.486114910014,-113.97908980816,A1_Context
A1_Context_3,Neobacillus_niacini,Leptonema_illini,Succinic Acid,Produced,32468.038813527,-113.97908980816,A1_Context
A1_Context_3,Prevotella_albensis,Leptonema_illini,Succinic Acid,Produced,4783.02807782485,-113.97908980816,A1_Context
A1_Context_3,Slackia_faecicanis,Leptonema_illini,Succinic Acid,Produced,1661.19306363065,-113.97908980816,A1_Context
A1_Context_3,Slackia_piriformis,Leptonema_illini,Succinic Acid,Produced,497.580451854462,-113.97908980816,A1_Context
A1_Context_3,Prevotella_albensis,Neobacillus_niacini,Xanthosine,Produced,15.4738667254951,-0.622423933172274,A1_Context
A1_Context_3,Slackia_piriformis,Neobacillus_niacini,D-Alanine,Produced,101.672864692392,-0.196760816988989,A1_Context
A1_Context_3,Collinsella_intestinalis,Neobacillus_niacini,Deoxyguanosine,Produced,1.22617947408196e-5,-0.177659059411528,A1_Context
A1_Context_3,Collinsella_intestinalis,Prevotella_albensis,Deoxyguanosine,Produced,1.22617947408196e-5,-0.0710671271354646,A1_Context
A1_Context_3,Desulfomicrobium_orale,Collinsella_intestinalis,D-Lactic Acid,Produced,2831.10577571128,-8.23998350522958,A1_Context
A1_Context_3,Slackia_piriformis,Collinsella_intestinalis,D-Lactic Acid,Produced,115.397927960073,-8.23998350522958,A1_Context
A1_Context_3,Desulfomicrobium_orale,Neobacillus_niacini,D-Lactic Acid,Produced,2831.10577571128,-23.5428100149419,A1_Context
A1_Context_3,Slackia_piriformis,Neobacillus_niacini,D-Lactic Acid,Produced,115.397927960073,-23.5428100149419,A1_Context
A1_Context_3,Desulfomicrobium_orale,Prevotella_albensis,D-Lactic Acid,Produced,2831.10577571128,-7.06284300448255,A1_Context
A1_Context_3,Slackia_piriformis,Prevotella_albensis,D-Lactic Acid,Produced,115.397927960073,-7.06284300448255,A1_Context
A1_Context_3,Desulfomicrobium_orale,Slackia_faecicanis,D-Lactic Acid,Produced,2831.10577571128,-12.9485455082179,A1_Context
A1_Context_3,Slackia_piriformis,Slackia_faecicanis,D-Lactic Acid,Produced,115.397927960073,-12.9485455082179,A1_Context
A1_Context_3,Prevotella_albensis,Collinsella_intestinalis,Glycine,Produced,727.351915232657,-1917.38936233269,A1_Context
A1_Context_3,Slackia_faecicanis,Collinsella_intestinalis,Glycine,Produced,1949.53346881031,-1917.38936233269,A1_Context
A1_Context_3,Slackia_piriformis,Collinsella_intestinalis,Glycine,Produced,483.955370886276,-1917.38936233269,A1_Context
A1_Context_3,Prevotella_albensis,Desulfomicrobium_orale,Glycine,Produced,727.351915232657,-416.769417469999,A1_Context
A1_Context_3,Slackia_faecicanis,Desulfomicrobium_orale,Glycine,Produced,1949.53346881031,-416.769417469999,A1_Context
A1_Context_3,Slackia_piriformis,Desulfomicrobium_orale,Glycine,Produced,483.955370886276,-416.769417469999,A1_Context
A1_Context_3,Prevotella_albensis,Leptonema_illini,Glycine,Produced,727.351915232657,-1760.75894467907,A1_Context
A1_Context_3,Slackia_faecicanis,Leptonema_illini,Glycine,Produced,1949.53346881031,-1760.75894467907,A1_Context
A1_Context_3,Slackia_piriformis,Leptonema_illini,Glycine,Produced,483.955370886276,-1760.75894467907,A1_Context
A1_Context_3,Prevotella_albensis,Neobacillus_niacini,Glycine,Produced,727.351915232657,-5909.46074248251,A1_Context
A1_Context_3,Slackia_faecicanis,Neobacillus_niacini,Glycine,Produced,1949.53346881031,-5909.46074248251,A1_Context
A1_Context_3,Slackia_piriformis,Neobacillus_niacini,Glycine,Produced,483.955370886276,-5909.46074248251,A1_Context
A1_Context_3,Collinsella_intestinalis,Neobacillus_niacini,Propionic Acid,Produced,110.796339588416,-2.77387257483755,A1_Context
A1_Context_3,Prevotella_albensis,Neobacillus_niacini,Propionic Acid,Produced,255.935216336079,-2.77387257483755,A1_Context
A1_Context_3,Desulfomicrobium_orale,Neobacillus_niacini,Urea,Produced,0.0194982433094992,-2235.64647827112,A1_Context
A1_Context_3,Slackia_faecicanis,Neobacillus_niacini,Urea,Produced,283.749590230224,-2235.64647827112,A1_Context
A1_Context_3,Slackia_piriformis,Neobacillus_niacini,Urea,Produced,85.9189638295305,-2235.64647827112,A1_Context
A1_Context_3,Leptonema_illini,Collinsella_intestinalis,Acetaldehyde,Produced,68.5932218155843,-52.9028547107324,A1_Context
A1_Context_3,Prevotella_albensis,Collinsella_intestinalis,Acetaldehyde,Produced,57.4188421743287,-52.9028547107324,A1_Context
A1_Context_3,Leptonema_illini,Desulfomicrobium_orale,Acetaldehyde,Produced,68.5932218155843,-33.4630143691151,A1_Context
A1_Context_3,Prevotella_albensis,Desulfomicrobium_orale,Acetaldehyde,Produced,57.4188421743287,-33.4630143691151,A1_Context
A1_Context_3,Leptonema_illini,Neobacillus_niacini,Acetaldehyde,Produced,68.5932218155843,-163.048439310202,A1_Context
A1_Context_3,Prevotella_albensis,Neobacillus_niacini,Acetaldehyde,Produced,57.4188421743287,-163.048439310202,A1_Context
A1_Context_3,Leptonema_illini,Slackia_faecicanis,Acetaldehyde,Produced,68.5932218155843,-92.9792752914905,A1_Context
A1_Context_3,Prevotella_albensis,Slackia_faecicanis,Acetaldehyde,Produced,57.4188421743287,-92.9792752914905,A1_Context
A1_Context_3,Leptonema_illini,Slackia_piriformis,Acetaldehyde,Produced,68.5932218155843,-28.1601961519468,A1_Context
A1_Context_3,Prevotella_albensis,Slackia_piriformis,Acetaldehyde,Produced,57.4188421743287,-28.1601961519468,A1_Context
A1_Context_3,Collinsella_intestinalis,Desulfomicrobium_orale,Ethanol,Produced,183.806922669886,-39.8982094400988,A1_Context
A1_Context_3,Slackia_faecicanis,Desulfomicrobium_orale,Ethanol,Produced,590.360669173285,-39.8982094400988,A1_Context
A1_Context_3,Slackia_piriformis,Desulfomicrobium_orale,Ethanol,Produced,28.1601961519469,-39.8982094400988,A1_Context
A1_Context_3,Collinsella_intestinalis,Leptonema_illini,Ethanol,Produced,183.806922669886,-57.9237997385731,A1_Context
A1_Context_3,Slackia_faecicanis,Leptonema_illini,Ethanol,Produced,590.360669173285,-57.9237997385731,A1_Context
A1_Context_3,Slackia_piriformis,Leptonema_illini,Ethanol,Produced,28.1601961519469,-57.9237997385731,A1_Context
A1_Context_3,Collinsella_intestinalis,Neobacillus_niacini,Ethanol,Produced,183.806922669886,-194.403908408318,A1_Context
A1_Context_3,Slackia_faecicanis,Neobacillus_niacini,Ethanol,Produced,590.360669173285,-194.403908408318,A1_Context
A1_Context_3,Slackia_piriformis,Neobacillus_niacini,Ethanol,Produced,28.1601961519469,-194.403908408318,A1_Context
A1_Context_3,Collinsella_intestinalis,Prevotella_albensis,Ethanol,Produced,183.806922669886,-57.3477750471932,A1_Context
A1_Context_3,Slackia_faecicanis,Prevotella_albensis,Ethanol,Produced,590.360669173285,-57.3477750471932,A1_Context
A1_Context_3,Slackia_piriformis,Prevotella_albensis,Ethanol,Produced,28.1601961519469,-57.3477750471932,A1_Context
A1_Context_3,Slackia_piriformis,Neobacillus_niacini,Formaldehyde,Produced,0.0107378466962956,-8.95708014449858e-5,A1_Context
A1_Context_3,Slackia_piriformis,Slackia_faecicanis,Formaldehyde,Produced,0.0107378466962956,-4.92639407731416e-5,A1_Context
A1_Context_3,Leptonema_illini,Neobacillus_niacini,Hydrogen,Produced,6495.52029711442,-95.1399611841262,A1_Context
A1_Context_3,Prevotella_albensis,Neobacillus_niacini,Hydrogen,Produced,6638.76017318113,-95.1399611841262,A1_Context
A1_Context_3,Neobacillus_niacini,Leptonema_illini,Indole,Produced,0.531980250207048,-0.0172498026865185,A1_Context
A1_Context_3,Neobacillus_niacini,Prevotella_albensis,Indole,Produced,0.531980250207048,-0.0159228947875461,A1_Context
A1_Context_3,Desulfomicrobium_orale,Collinsella_intestinalis,Adenosine,Produced,0.0194982433098261,-28.4861525365482,A1_Context
A1_Context_3,Desulfomicrobium_orale,Neobacillus_niacini,Adenosine,Produced,0.0194982433098261,-87.7953134747241,A1_Context
A1_Context_3,Desulfomicrobium_orale,Prevotella_albensis,Adenosine,Produced,0.0194982433098261,-25.8989951826034,A1_Context
A1_Context_3,Desulfomicrobium_orale,Slackia_faecicanis,Adenosine,Produced,0.0194982433098261,-1.38330869132117,A1_Context
A1_Context_3,Neobacillus_niacini,Collinsella_intestinalis,L-Phenylalanine,Produced,268.448842453409,-0.798457543242596,A1_Context
A1_Context_3,Neobacillus_niacini,Desulfomicrobium_orale,L-Phenylalanine,Produced,268.448842453409,-0.434424682050644,A1_Context
A1_Context_3,Neobacillus_niacini,Leptonema_illini,L-Phenylalanine,Produced,268.448842453409,-0.63069317238372,A1_Context
A1_Context_3,Neobacillus_niacini,Prevotella_albensis,L-Phenylalanine,Produced,268.448842453409,-0.624421228191252,A1_Context
A1_Context_3,Neobacillus_niacini,Slackia_faecicanis,L-Phenylalanine,Produced,268.448842453409,-1.40332698731495,A1_Context
A1_Context_3,Neobacillus_niacini,Slackia_piriformis,L-Phenylalanine,Produced,268.448842453409,-0.42501904972057,A1_Context
A1_Context_3,Leptonema_illini,Collinsella_intestinalis,L-Tryptophan,Produced,37.9637614191756,-0.246964775002795,A1_Context
A1_Context_3,Leptonema_illini,Desulfomicrobium_orale,L-Tryptophan,Produced,37.9637614191756,-0.13328939108389,A1_Context
A1_Context_3,Leptonema_illini,Neobacillus_niacini,L-Tryptophan,Produced,37.9637614191756,-0.761154031269011,A1_Context
A1_Context_3,Leptonema_illini,Slackia_faecicanis,L-Tryptophan,Produced,37.9637614191756,-0.434052300727237,A1_Context
A1_Context_3,Leptonema_illini,Slackia_piriformis,L-Tryptophan,Produced,37.9637614191756,-0.131459380494659,A1_Context
A1_Context_3,Neobacillus_niacini,Collinsella_intestinalis,Pantothenic Acid,Produced,52.3231049508705,-0.0403450843002349,A1_Context
A1_Context_3,Neobacillus_niacini,Prevotella_albensis,Pantothenic Acid,Produced,52.3231049508705,-0.028025840933334,A1_Context
A1_Context_3,Neobacillus_niacini,Collinsella_intestinalis,Riboflavin,Produced,243.333627620997,-0.0403450843034578,A1_Context
A1_Context_3,Neobacillus_niacini,Desulfomicrobium_orale,Riboflavin,Produced,243.333627620997,-0.0194982433094952,A1_Context
A1_Context_3,Neobacillus_niacini,Leptonema_illini,Riboflavin,Produced,243.333627620997,-0.0283073440277152,A1_Context
A1_Context_3,Neobacillus_niacini,Prevotella_albensis,Riboflavin,Produced,243.333627620997,-0.0280258409292394,A1_Context
A1_Context_3,Neobacillus_niacini,Slackia_faecicanis,Riboflavin,Produced,243.333627620997,-0.070908398431684,A1_Context
A1_Context_3,Neobacillus_niacini,Slackia_piriformis,Riboflavin,Produced,243.333627620997,-0.0214756933991942,A1_Context
A1_Context_3,Leptonema_illini,Desulfomicrobium_orale,L-Malic Acid,Produced,0.429364404486462,-0.0452167593259747,A1_Context
A1_Context_3,Leptonema_illini,Neobacillus_niacini,L-Malic Acid,Produced,0.429364404486462,-0.226083796629911,A1_Context
A1_Context_3,Leptonema_illini,Prevotella_albensis,L-Malic Acid,Produced,0.429364404486462,-0.0678251389889811,A1_Context
A1_Context_3,Leptonema_illini,Slackia_faecicanis,L-Malic Acid,Produced,0.429364404486462,-0.124346088146498,A1_Context
A1_Context_3,Leptonema_illini,Slackia_piriformis,L-Malic Acid,Produced,0.429364404486462,-0.0452167593259653,A1_Context
A1_Context_3,Leptonema_illini,Desulfomicrobium_orale,L-Tyrosine,Produced,13.1044182942818,-0.333099311135319,A1_Context
A1_Context_3,Leptonema_illini,Neobacillus_niacini,L-Tyrosine,Produced,13.1044182942818,-80.2584683210187,A1_Context
A1_Context_3,Leptonema_illini,Prevotella_albensis,L-Tyrosine,Produced,13.1044182942818,-32.2385496596178,A1_Context
A1_Context_3,Leptonema_illini,Slackia_faecicanis,L-Tyrosine,Produced,13.1044182942818,-0.919876556337305,A1_Context
A1_Context_3,Leptonema_illini,Slackia_piriformis,L-Tyrosine,Produced,13.1044182942818,-0.278598689662898,A1_Context
A1_Context_3,Desulfomicrobium_orale,Neobacillus_niacini,Oxoglutaric acid,Produced,658.137092712346,-147.162952615234,A1_Context
A1_Context_3,Desulfomicrobium_orale,Slackia_faecicanis,Oxoglutaric acid,Produced,658.137092712346,-146.621164882735,A1_Context
A1_Context_3,Desulfomicrobium_orale,Slackia_piriformis,Oxoglutaric acid,Produced,658.137092712346,-44.4064631626854,A1_Context
A1_Context_3,Prevotella_albensis,Desulfomicrobium_orale,Dodecanoic Acid,Produced,3.7153050042359,-0.135199533905697,A1_Context
A1_Context_3,Prevotella_albensis,Leptonema_illini,Dodecanoic Acid,Produced,3.7153050042359,-0.225802109387888,A1_Context
A1_Context_3,Leptonema_illini,Desulfomicrobium_orale,Coenzyme A,Produced,13.5331516424146,-0.019498243314827,A1_Context
A1_Context_3,Neobacillus_niacini,Desulfomicrobium_orale,Coenzyme A,Produced,73.0556959144597,-0.019498243314827,A1_Context
A1_Context_3,Leptonema_illini,Slackia_faecicanis,Coenzyme A,Produced,13.5331516424146,-0.0709083984293212,A1_Context
A1_Context_3,Neobacillus_niacini,Slackia_faecicanis,Coenzyme A,Produced,73.0556959144597,-0.0709083984293212,A1_Context
A1_Context_3,Leptonema_illini,Slackia_piriformis,Coenzyme A,Produced,13.5331516424146,-0.0214756934009005,A1_Context
A1_Context_3,Neobacillus_niacini,Slackia_piriformis,Coenzyme A,Produced,73.0556959144597,-0.0214756934009005,A1_Context
A1_Context_3,Neobacillus_niacini,Leptonema_illini,S-Adenosylmethionine,Produced,5.40467879299396,-0.0104841036500642,A1_Context
